1,0,0.78039816339745,44.7135211024347
1.00710630500576,0.00703559491689199,0.775398163397443,44.4270422048689
1.0142826094758,0.0139997761912903,0.765398163397445,43.8540844097382
1.02152819578566,0.0208918474108711,0.755398163397447,43.2811266146075
1.02884233938275,0.0277111193742555,0.745398163397454,42.708168819477
1.0362243088588,0.0344569101599302,0.735398163397457,42.1352110243464
1.04367336602302,0.0411285451944379,0.725398163397448,41.5622532292151
1.05118876597589,0.0477253573198347,0.715398163397448,40.9892954340842
1.05876975718369,0.0542466868604058,0.705398163397448,40.4163376389534
1.06641558155361,0.060691881688631,0.695398163397441,39.8433798438222
1.07412547450959,0.0670602972903989,0.685398163397445,39.2704220486916
1.08189866506875,0.0733512968294563,0.675398163397451,38.6974642535611
1.08973437591852,0.0795642512110916,0.665398163397449,38.1245064584302
1.09763182349434,0.0856985391450441,0.655398163397449,37.5515486632994
1.10559021805803,0.0917535472076323,0.645398163397447,36.9785908681684
1.11360876377678,0.0977286699030958,0.635398163397447,36.4056330730376
1.12168665880268,0.103623309724144,0.625398163397455,35.8326752779072
1.12982309535298,0.109436877211708,0.615398163397456,35.2597174827764
1.13801725979079,0.115168791013883,0.605398163397443,34.6867596876449
1.1462683327065,0.120818477944065,0.595398163397444,34.1138018925141
1.15457548899969,0.126385373038269,0.585398163397447,33.5408440973835
1.16293789796167,0.131868919611625,0.575398163397447,32.9678863022526
1.17135472335849,0.137268569314046,0.565398163397449,32.3949285071219
1.17982512351463,0.14258378218506,0.555398163397454,31.8219707119914
1.18834825139715,0.14781402670781,0.545398163397443,31.2490129168599
1.19692325470034,0.152958779862203,0.53539816339745,30.6760551217295
1.20554927593104,0.158017527177209,0.525398163397458,30.1030973265991
1.21422545249429,0.162989762782314,0.515398163397436,29.5301395314671
1.22295091677968,0.167874989458099,0.50539816339745,28.9571817363371
1.23172479624805,0.17267271868597,0.495398163397454,28.3842239412064
1.24054621351877,0.177382470697,0.485398163397438,27.8112661460747
1.24941428645745,0.182003774519914,0.475398163397445,27.2383083509443
1.25832812826419,0.18653616802818,0.465398163397451,26.6653505558138
1.26728684756225,0.190979197986225,0.45539816339745,26.0923927606829
1.27628954848715,0.195332420094754,0.445398163397449,25.5194349655521
1.28533533077631,0.199595399035186,0.435398163397443,24.9464771704209
1.29442328985904,0.203767708513178,0.425398163397444,24.3735193752901
1.30355251694699,0.20784893130126,0.415398163397459,23.8005615801601
1.31272209912508,0.211838659280554,0.405398163397451,23.2276037850289
1.32193111944272,0.215736493481587,0.395398163397442,22.6546459898975
1.33117865700556,0.219542044124185,0.385398163397451,22.0816881947672
1.34046378706754,0.223254930656458,0.375398163397454,21.5087303996366
1.3497855811234,0.226874781792845,0.365398163397448,20.9357726045054
1.35914310700149,0.23040123555125,0.355398163397444,20.3628148093743
1.36853542895704,0.233833939289235,0.345398163397447,19.7898570142437
1.37796160776567,0.237172549739287,0.335398163397453,19.2168992191133
1.38742070081736,0.240416733043143,0.325398163397446,18.643941423982
1.39691176221067,0.243566164785177,0.315398163397442,18.070983628851
1.40643384284739,0.246620530024838,0.305398163397444,17.4980258337203
1.41598599052739,0.249579523328148,0.29539816339745,16.9250680385898
1.42556725004385,0.252442848798243,0.285398163397457,16.3521102434593
1.43517666327881,0.255210220104961,0.27539816339745,15.7791524483281
1.44481326929895,0.257881360513478,0.265398163397442,15.2061946531968
1.4544761044517,0.26045600291198,0.255398163397454,14.6332368580667
1.4641642024616,0.262933889838371,0.245398163397448,14.0602790629355
1.47387659452693,0.265314773506024,0.235398163397438,13.4873212678041
1.48361230941656,0.267598415828556,0.225398163397452,12.9143634726741
1.49337037356712,0.269784588443639,0.215398163397448,12.3414056775431
1.50314981118033,0.271873072735832,0.205398163397448,11.7684478824122
1.51294964432058,0.273863659858447,0.195398163397455,11.1954900872818
1.52276889301272,0.275756150754429,0.185398163397452,10.6225322921508
1.53260657534006,0.277550356176268,0.175398163397446,10.0495744970197
1.54246170754257,0.279246096704915,0.16539816339744,9.47661670188848
1.55233330411524,0.28084320276773,0.155398163397453,8.90365890675839
1.56222037790664,0.28234151465544,0.145398163397452,8.33070111162754
1.57212194021763,0.283740882538102,0.135398163397446,7.75774331649634
1.58203700090023,0.285041166480096,0.125398163397444,7.18478552136543
1.59196456845664,0.28624223645411,0.115398163397452,6.61182772623505
1.60190365013836,0.287343972354149,0.105398163397449,6.03886993110408
1.61185325204552,0.288346264007539,0.0953981633974391,5.46591213597267
1.62181237922622,0.289249011185951,0.0853981633974487,4.8929543408424
1.63178003577604,0.29005212361542,0.0753981633974509,4.3199965457117
1.64175522493762,0.290755520985372,0.0653981633974489,3.74703875058076
1.65173694920037,0.291359132956656,0.0553981633974473,3.17408095544985
1.66172421040018,0.291862899168577,0.04539816339745,2.60112316031918
1.67171600981924,0.292266769244935,0.035398163397449,2.0281653651883
1.68171134828595,0.292570702799058,0.025398163397445,1.45520757005725
1.69170922627479,0.292774669437845,0.0153981633974441,0.88224977492637
1.70170864400629,0.292878648764801,0.00539816339744848,0.309291979795799
1.71170860154701,0.29288263038208,6.27858347057704,359.736334184665
1.72170809890953,0.292786613891524,6.26858347057704,359.163376389534
1.73170613615244,0.292590608894702,6.25858347057703,358.590418594403
1.74170171348036,0.29229463499195,6.24858347057703,358.017460799272
1.75169383134387,0.291898721780412,6.23858347057704,357.444503004142
1.76168149053953,0.291402908851079,6.22858347057704,356.871545209011
1.77166369230972,0.290807245784832,6.21858347057703,356.29858741388
1.78163943844261,0.290111792147479,6.20858347057704,355.725629618749
1.79160773137188,0.289316617483805,6.19858347057704,355.152671823619
1.80156757427654,0.288421801310615,6.18858347057703,354.579714028487
1.81151797118062,0.287427433108779,6.17858347057703,354.006756233356
1.8214579270527,0.286333612314289,6.16858347057704,353.433798438226
1.83138644790549,0.285140448308314,6.15858347057705,352.860840643096
1.84130254089518,0.283848060406259,6.14858347057703,352.287882847964
1.85120521442072,0.282456577845838,6.13858347057704,351.714925052834
1.86109347822302,0.280966139774146,6.12858347057703,351.141967257703
1.87096634348394,0.27937689523375,6.11858347057703,350.569009462572
1.88082282292518,0.27768900314778,6.10858347057704,349.996051667441
1.89066193090701,0.275902632304036,6.09858347057703,349.42309387231
1.90048268352682,0.274017961338114,6.08858347057703,348.850136077179
1.91028409871755,0.272035178715542,6.07858347057704,348.277178282049
1.92006519634584,0.269954482712928,6.06858347057703,347.704220486918
1.92982499831008,0.267776081398139,6.05858347057703,347.131262691787
1.93956252863821,0.265500192609492,6.04858347057703,346.558304896656
1.9492768135853,0.263127043933968,6.03858347057704,345.985347101526
1.95896688173096,0.260656872684457,6.02858347057704,345.412389306395
1.96863176407645,0.258089925876027,6.01858347057702,344.839431511263
1.97827049414158,0.255426460201218,6.00858347057703,344.266473716133
1.98788210806139,0.252666742004378,5.99858347057704,343.693515921002
1.9974656446825,0.249811047255028,5.98858347057703,343.120558125871
2.00702014565921,0.246859661520263,5.97858347057703,342.54760033074
2.01654465554941,0.243812879936197,5.96858347057703,341.974642535609
2.02603822191003,0.240671007178448,5.95858347057703,341.401684740479
2.03549989539236,0.237434357431676,5.94858347057704,340.828726945348
2.04492872983692,0.234103254358156,5.93858347057703,340.255769150217
2.05432378236814,0.230678031065421,5.92858347057704,339.682811355086
2.06368411348859,0.227159030072946,5.91858347057704,339.109853559956
2.07300878717295,0.223546603277897,5.90858347057703,338.536895764824
2.08229687096163,0.219841111919944,5.89858347057703,337.963937969694
2.09154743605399,0.216042926545133,5.88858347057703,337.390980174563
2.10075955740124,0.212152426968839,5.87858347057703,336.818022379432
2.1099323137989,0.208170002237776,5.86858347057703,336.245064584301
2.11906478797899,0.204096050591098,5.85858347057704,335.672106789171
2.12815606670169,0.199930979420576,5.84858347057704,335.09914899404
2.13720524084672,0.195675205229855,5.83858347057703,334.526191198908
2.1462114055042,0.191329153592809,5.82858347057703,333.953233403778
2.15517366006516,0.186893259110978,5.81858347057704,333.380275608647
2.16409110831162,0.182367965370116,5.80858347057704,332.807317813517
2.17296285850619,0.177753724895824,5.79858347057704,332.234360018386
2.18178802348124,0.173050999108306,5.78858347057704,331.661402223255
2.19056572072763,0.16826025827622,5.77858347057703,331.088444428124
2.19929507248295,0.163381981469658,5.76858347057702,330.515486632992
2.20797520581929,0.158416656512235,5.75858347057703,329.942528837862
2.21660525273055,0.15336477993231,5.74858347057703,329.369571042731
2.22518435021924,0.14822685691333,5.73858347057704,328.796613247601
2.23371164038276,0.143003401243316,5.72858347057704,328.22365545247
2.2421862704992,0.137694935263481,5.71858347057704,327.650697657339
2.2506073931126,0.132301989816001,5.70858347057702,327.077739862207
2.25897416611772,0.126825104190925,5.69858347057703,326.504782067077
2.26728575284424,0.121264826072252,5.68858347057705,325.931824271947
2.27554132214041,0.115621711483161,5.67858347057703,325.358866476816
2.28374004845618,0.109896324730408,5.66858347057704,324.785908681685
2.29188111192574,0.104089238347897,5.65858347057704,324.212950886554
2.29996369844954,0.0982010330394266,5.64858347057702,323.639993091423
2.30798699977567,0.0922322976206212,5.63858347057703,323.067035296292
2.31595021358066,0.0861836289600489,5.62858347057704,322.494077501162
2.32385254354978,0.0800556319195351,5.61858347057703,321.921119706031
2.33169319945662,0.0738489192936771,5.60858347057702,321.348161910899
2.33947139724212,0.0675641117485654,5.59858347057704,320.775204115769
2.34718635909299,0.061201837759717,5.58858347057705,320.202246320639
2.35483731351946,0.0547627335492291,5.57858347057703,319.629288525507
2.36242349543247,0.0482474430221568,5.56858347057703,319.056330730376
2.36994414622015,0.0416566177021234,5.55858347057704,318.483372935246
2.37739851382369,0.0349909166661683,5.54858347057703,317.910415140114
2.38478585281254,0.0282510064788408,5.53858347057703,317.337457344984
2.39210542445896,0.021437561125543,5.52858347057703,316.764499549853
2.39935649681188,0.014551261945132,5.51858347057704,316.191541754723
2.40653834477011,0.00759279756178766,5.50858347057705,315.618583959592
2.41365025015485,0.000562863816149561,5.49858347057704,315.045626164461
2.42069150178147,-0.00653783630426619,5.48858347057702,314.472668369329
2.42766139553068,-0.0137085927353646,5.47858347057703,313.899710574199
2.43455923441892,-0.0209486884074783,5.46858347057703,313.326752779068
2.44138432866804,-0.0282573993170734,5.45858347057704,312.753794983938
2.44813599577431,-0.0356339945991495,5.44858347057704,312.180837188807
2.45481356057664,-0.0430777366003254,5.43858347057703,311.607879393676
2.46141635532413,-0.0505878809526044,5.42858347057704,311.034921598545
2.46794371974278,-0.0581636766478094,5.41858347057704,310.461963803415
2.47439500110161,-0.0658043661126843,5.40858347057703,309.889006008283
2.48076955427786,-0.0735091852846494,5.39858347057704,309.316048213153
2.48706674182151,-0.0812773636882087,5.38858347057703,308.743090418022
2.49328593401906,-0.0891081245119951,5.37858347057704,308.170132622891
2.49942650895648,-0.0970006846864517,5.36858347057704,307.597174827761
2.50548785258138,-0.104954254962138,5.35858347057702,307.024217032629
2.51146935876446,-0.112968039988655,5.34858347057702,306.451259237498
2.51737042936008,-0.121041238394178,5.33858347057703,305.878301442367
2.5231904742661,-0.129173042865594,5.32858347057704,305.305343647237
2.52892891148288,-0.137362640229232,5.31858347057705,304.732385852107
2.53458516717149,-0.14560921153218,5.30858347057704,304.159428056975
2.54015867571105,-0.153911932124181,5.29858347057703,303.586470261844
2.54564887975537,-0.162269971740094,5.28858347057703,303.013512466713
2.55105523028862,-0.170682494582922,5.27858347057704,302.440554671583
2.55637718668024,-0.179148659407392,5.26858347057703,301.867596876452
2.56161421673904,-0.187667619604076,5.25858347057704,301.294639081321
2.56676579676637,-0.196238523284054,5.24858347057704,300.721681286191
2.57183141160852,-0.2048605133641,5.23858347057702,300.148723491059
2.57681055470823,-0.213532727652392,5.22858347057703,299.575765695928
2.58170272815534,-0.222254298934726,5.21858347057705,299.002807900799
2.58650744273659,-0.231024355061243,5.20858347057704,298.429850105667
2.5912242179845,-0.239842019033638,5.19858347057703,297.856892310536
2.5958525822255,-0.248706409092863,5.18858347057704,297.283934515406
2.60039207262702,-0.257616638807298,5.17858347057702,296.710976720273
2.60484223524379,-0.266571817161397,5.16858347057703,296.138018925143
2.60920262506326,-0.275571048644788,5.15858347057704,295.565061130013
2.6134728060501,-0.284613433341821,5.14858347057704,294.992103334882
2.61765235118975,-0.293698067021561,5.13858347057704,294.419145539751
2.62174084253118,-0.302824041228212,5.12858347057704,293.846187744621
2.62573787122867,-0.311990443371958,5.11858347057703,293.273229949489
2.62964303758269,-0.321196356820222,5.10858347057703,292.700272154358
2.63345595107984,-0.330440860989333,5.09858347057704,292.127314359228
2.63717623043195,-0.339723031436576,5.08858347057704,291.554356564098
2.6408035036142,-0.349041939952641,5.07858347057703,290.981398768966
2.64433740790228,-0.358396654654444,5.06858347057702,290.408440973835
2.64777758990871,-0.367786240078309,5.05858347057704,289.835483178705
2.65112370561816,-0.377209757273519,5.04858347057703,289.262525383574
2.65437542042185,-0.386666263896207,5.03858347057703,288.689567588443
2.657532409151,-0.39615481430359,5.02858347057704,288.116609793312
2.66059435610937,-0.405674459648537,5.01858347057704,287.543651998182
2.66356095510482,-0.415224247974444,5.00858347057703,286.97069420305
2.66643190947992,-0.424803224310438,4.998583470577,286.397736407918
2.66920693214163,-0.434410430766868,4.98858347057705,285.82477861279
2.67188574558999,-0.444044906631093,4.97858347057704,285.251820817658
2.67446808194588,-0.453705688463557,4.96858347057701,284.678863022526
2.67695368297784,-0.463391810194125,4.95858347057705,284.105905227397
2.67934230012781,-0.473102303218698,4.94858347057704,283.532947432266
2.68163369453609,-0.482836196496065,4.93858347057704,282.959989637135
2.68382763706514,-0.492592516645009,4.92858347057704,282.387031842004
2.68592390832252,-0.502370288041646,4.91858347057702,281.814074046872
2.68792229868288,-0.512168532916984,4.90858347057703,281.241116251742
2.68982260830882,-0.521986271454701,4.89858347057705,280.668158456612
2.69162464717099,-0.531822521889125,4.88858347057704,280.095200661481
2.69332823506698,-0.541676300603409,4.87858347057701,279.522242866349
2.69493320163943,-0.551546622227893,4.86858347057703,278.949285071219
2.69643938639302,-0.561432499738639,4.85858347057706,278.37632727609
2.69784663871054,-0.571332944556136,4.84858347057703,277.803369480957
2.69915481786791,-0.581246966644151,4.83858347057703,277.230411685826
2.70036379304833,-0.591173574608738,4.82858347057703,276.657453890695
2.70147344335526,-0.601111775797372,4.81858347057702,276.084496095564
2.70248365782462,-0.611060576398216,4.80858347057704,275.511538300434
2.70339433543579,-0.6210189815395,4.79858347057704,274.938580505303
2.70420538512177,-0.630985995389009,4.78858347057703,274.365622710172
2.70491672577827,-0.640960621253665,4.77858347057704,273.792664915042
2.70552828627182,-0.650941861679192,4.76858347057704,273.219707119911
2.70604000544687,-0.660928718549866,4.75858347057704,272.64674932478
2.70645183213194,-0.670920193188322,4.74858347057703,272.073791529649
2.7067637251447,-0.680915286455422,4.73858347057702,271.500833734517
2.70697565329611,-0.690912998850169,4.72858347057703,270.927875939387
2.70708759539353,-0.700912330609656,4.71858347057704,270.354918144257
2.70709954024284,-0.710912281809037,4.70858347057705,269.781960349127
2.70701148664957,-0.720911852461528,4.69858347057702,269.209002553994
2.70682344341901,-0.730910042618396,4.68858347057702,268.636044758863
2.70653542935531,-0.740905852468956,4.67858347057704,268.063086963734
2.70614747325966,-0.750898282440554,4.66858347057703,267.490129168602
2.70565961392733,-0.76088633329852,4.65858347057705,266.917171373472
2.70507190014385,-0.77086900624609,4.64858347057705,266.344213578342
2.70438439068011,-0.780845303024289,4.63858347057703,265.77125578321
2.70359715428648,-0.790814226011753,4.62858347057703,265.198297988079
2.70271026968594,-0.800774778324491,4.61858347057702,264.625340192948
2.70172382556623,-0.810725963915571,4.60858347057704,264.052382397818
2.70063792057092,-0.820666787674728,4.59858347057703,263.479424602687
2.69945266328961,-0.830596255527868,4.58858347057702,262.906466807555
2.69816817224704,-0.840513374536482,4.57858347057704,262.333509012425
2.69678457589125,-0.850417152996933,4.56858347057704,261.760551217295
2.69530201258072,-0.860306600539627,4.55858347057702,261.187593422163
2.69372063057054,-0.870180728228052,4.54858347057704,260.614635627033
2.6920405879976,-0.880038548657669,4.53858347057703,260.041677831901
2.69026205286475,-0.889879076054646,4.52858347057703,259.468720036771
2.68838520302403,-0.899701326374447,4.51858347057706,258.895762241642
2.68641022615886,-0.909504317400224,4.50858347057702,258.322804446509
2.68433731976527,-0.919287068841044,4.49858347057702,257.749846651377
2.68216669113218,-0.929048602429914,4.48858347057704,257.176888856248
2.67989855732064,-0.938787942021611,4.47858347057704,256.603931061117
2.67753314514214,-0.948504113690292,4.46858347057704,256.030973265986
2.67507069113594,-0.958196145826886,4.45858347057703,255.458015470855
2.67251144154537,-0.967863069236257,4.44858347057703,254.885057675724
2.66985565229327,-0.977503917234118,4.43858347057704,254.312099880594
2.66710358895635,-0.987117725743705,4.42858347057703,253.739142085463
2.66425552673864,-0.996703533392178,4.41858347057704,253.166184290332
2.661311750444,-1.00626038160676,4.40858347057703,252.593226495201
2.65827255444761,-1.01578731471059,4.39858347057702,252.02026870007
2.65513824266652,-1.02528338001831,4.38858347057704,251.44731090494
2.65190912852931,-1.03474762793129,4.37858347057704,250.874353109809
2.64858553494469,-1.04417911203262,4.36858347057702,250.301395314677
2.64516779426927,-1.05357688918177,4.35858347057703,249.728437519546
2.64165624827425,-1.06294001960884,4.34858347057705,249.155479724417
2.63805124811131,-1.07226756700859,4.33858347057703,248.582521929285
2.63435315427746,-1.08155859863406,4.32858347057703,248.009564134154
2.63056233657901,-1.09081218538983,4.31858347057704,247.436606339024
2.62667917409456,-1.10002740192493,4.30858347057705,246.863648543894
2.62270405513712,-1.10920332672539,4.29858347057703,246.290690748762
2.61863737721529,-1.11833904220638,4.28858347057703,245.717732953631
2.61447954699346,-1.12743363480395,4.27858347057703,245.1447751585
2.61023098025119,-1.13648619506644,4.26858347057703,244.571817363369
2.60589210184162,-1.14549581774535,4.25858347057705,243.998859568239
2.60146334564897,-1.15446160188593,4.24858347057704,243.425901773108
2.59694515454516,-1.16338265091724,4.23858347057703,242.852943977977
2.59233798034555,-1.1722580727418,4.22858347057702,242.279986182846
2.58764228376371,-1.18108697982483,4.21858347057703,241.707028387715
2.58285853436539,-1.18986848928297,4.20858347057703,241.134070592584
2.57798721052155,-1.19860172297261,4.19858347057705,240.561112797454
2.5730287993605,-1.20728580757765,4.18858347057703,239.988155002323
2.56798379671923,-1.21591987469686,4.17858347057703,239.415197207192
2.56285270709381,-1.22450306093073,4.16858347057704,238.842239412062
2.55763604358891,-1.23303450796779,4.15858347057701,238.269281616929
2.55233432786655,-1.24151336267044,4.14858347057702,237.696323821799
2.54694809009387,-1.24993877716028,4.13858347057705,237.12336602667
2.54147786889017,-1.25830990890289,4.12858347057706,236.550408231539
2.535924211273,-1.26662592079205,4.11858347057703,235.977450436407
2.53028767260351,-1.27488598123352,4.10858347057701,235.404492641275
2.52456881653085,-1.28308926422813,4.09858347057703,234.831534846145
2.51876821493588,-1.29123494945442,4.08858347057703,234.258577051014
2.51288644787391,-1.29932222235066,4.07858347057705,233.685619255884
2.50692410351675,-1.30735027419629,4.06858347057705,233.112661460754
2.50088177809388,-1.31531830219282,4.05858347057703,232.539703665622
2.49476007583279,-1.32322550954409,4.04858347057703,231.966745870491
2.48855960889861,-1.33107110553596,4.03858347057703,231.39378807536
2.48228099733287,-1.33885430561536,4.02858347057704,230.82083028023
2.47592486899149,-1.34657433146877,4.01858347057703,230.247872485099
2.46949185948201,-1.35423041110005,4.00858347057703,229.674914689968
2.46298261210002,-1.3618217789076,3.99858347057704,229.101956894838
2.45639777776483,-1.36934767576097,3.98858347057703,228.528999099706
2.44973801495439,-1.37680734907674,3.97858347057703,227.956041304576
2.44300398963943,-1.38420005289382,3.96858347057702,227.383083509444
2.43619637521687,-1.39152504794796,3.95858347057704,226.810125714314
2.42931585244249,-1.39878160174577,3.94858347057705,226.237167919184
2.42236310936281,-1.40596898863792,3.93858347057703,225.664210124052
2.41533884124636,-1.41308648989171,3.92858347057703,225.091252328921
2.4082437505141,-1.42013339376295,3.91858347057703,224.518294533791
2.40107854666918,-1.42710899556711,3.90858347057704,223.94533673866
2.39384394622603,-1.43401259774983,3.89858347057703,223.372378943529
2.38654067263864,-1.44084350995666,3.88858347057704,222.799421148398
2.37916945622831,-1.44760104910205,3.87858347057704,222.226463353268
2.37173103411052,-1.45428453943772,3.86858347057703,221.653505558136
2.3642261501213,-1.46089331262021,3.85858347057703,221.080547763005
2.35665555474277,-1.46742670777772,3.84858347057704,220.507589967875
2.34902000502818,-1.47388407157616,3.83858347057703,219.934632172744
2.34132026452613,-1.48026475828455,3.82858347057703,219.361674377613
2.33355710320426,-1.48656812983952,3.81858347057704,218.788716582483
2.32573129737222,-1.49279355590917,3.80858347057704,218.215758787352
2.31784362960409,-1.49894041395609,3.79858347057703,217.64280099222
2.30989488866006,-1.50500808929959,3.78858347057702,217.069843197089
2.3018858694076,-1.5109959751772,3.77858347057705,216.49688540196
2.29381737274197,-1.51690347280531,3.76858347057704,215.923927606829
2.2856902055061,-1.52272999143909,3.75858347057703,215.350969811697
2.27750518040996,-1.52847494843152,3.74858347057702,214.778012016566
2.26926311594922,-1.5341377692917,3.73858347057703,214.205054221436
2.26096483632348,-1.53971788774227,3.72858347057705,213.632096426306
2.25261117135376,-1.54521474577601,3.71858347057704,213.059138631175
2.24420295639961,-1.55062779371172,3.70858347057703,212.486180836043
2.23574103227552,-1.55595649024911,3.69858347057703,211.913223040912
2.22722624516685,-1.56120030252297,3.68858347057704,211.340265245782
2.21865944654521,-1.56635870615643,3.67858347057704,210.767307450651
2.21004149308333,-1.57143118531344,3.66858347057703,210.19434965552
2.20137324656936,-1.5764172327503,3.65858347057704,209.621391860389
2.19265557382075,-1.58131634986643,3.64858347057704,209.048434065259
2.1838893465975,-1.5861280467542,3.63858347057702,208.475476270127
2.17507544151502,-1.59085184224792,3.62858347057704,207.902518474997
2.16621473995649,-1.59548726397199,3.61858347057704,207.329560679866
2.15730812798466,-1.6000338483881,3.60858347057702,206.756602884734
2.14835649625332,-1.60449114084159,3.59858347057703,206.183645089604
2.13936073991818,-1.60885869560693,3.58858347057704,205.610687294474
2.13032175854738,-1.61313607593229,3.57858347057703,205.037729499343
2.12124045603152,-1.61732285408319,3.56858347057704,204.464771704212
2.11211774049329,-1.62141861138532,3.55858347057705,203.891813909082
2.10295452419664,-1.62542293826635,3.54858347057703,203.31885611395
2.09375172345555,-1.62933543429694,3.53858347057702,202.745898318819
2.08451025854244,-1.63315570823073,3.52858347057703,202.172940523688
2.0752310535961,-1.63688337804352,3.51858347057704,201.599982728558
2.06591503652928,-1.64051807097144,3.50858347057704,201.027024933427
2.05656313893594,-1.64405942354822,3.49858347057704,200.454067138296
2.04717629599804,-1.64750708164156,3.48858347057704,199.881109343165
2.03775544639204,-1.65086070048852,3.47858347057703,199.308151548034
2.02830153219506,-1.65411994473,3.46858347057704,198.735193752904
2.01881549879065,-1.6572844884443,3.45858347057705,198.162235957773
2.00929829477423,-1.6603540151797,3.44858347057703,197.589278162642
1.99975087185828,-1.66332821798606,3.43858347057704,197.016320367512
1.99017418477712,-1.66620679944559,3.42858347057704,196.443362572381
1.9805691911915,-1.66898947170254,3.41858347057701,195.870404777248
1.97093685159276,-1.67167595649201,3.40858347057704,195.297446982119
1.96127812920684,-1.67426598516775,3.39858347057705,194.724489186989
1.95159398989793,-1.67675929872905,3.38858347057703,194.151531391857
1.94188540207188,-1.67915564784664,3.37858347057702,193.578573596726
1.9321533365794,-1.68145479288761,3.36858347057704,193.005615801596
1.92239876661891,-1.68365650393936,3.35858347057705,192.432658006465
1.91262266763929,-1.68576056083262,3.34858347057702,191.859700211333
1.90282601724228,-1.68776675316346,3.33858347057702,191.286742416202
1.89300979508477,-1.68967488031432,3.32858347057704,190.713784621072
1.88317498278079,-1.69148475147406,3.31858347057704,190.140826825942
1.87332256380337,-1.69319618565709,3.30858347057704,189.567869030811
1.8634535233862,-1.69480901172142,3.29858347057703,188.994911235679
1.8535688484251,-1.69632306838577,3.28858347057704,188.421953440549
1.84366952737933,-1.69773820424574,3.27858347057704,187.848995645418
1.83375655017274,-1.69905427778893,3.26858347057702,187.276037850287
1.8238309080948,-1.70027115740909,3.25858347057703,186.703080055156
1.81389359370143,-1.70138872141925,3.24858347057704,186.130122260026
1.8039456007158,-1.70240685806396,3.23858347057704,185.557164464895
1.79398792392891,-1.70332546553039,3.22858347057703,184.984206669764
1.78402155910016,-1.70414445195857,3.21858347057704,184.411248874633
1.7740475028577,-1.70486373545053,3.20858347057704,183.838291079502
1.76406675259887,-1.70548324407853,3.19858347057703,183.265333284371
1.75408030639035,-1.70600291589222,3.18858347057704,182.692375489241
1.74408916286847,-1.70642269892484,3.17858347057705,182.11941769411
1.73409432113923,-1.70674255119846,3.16858347057704,181.546459898979
1.72409678067848,-1.7069624407281,3.15858347057703,180.973502103848
1.71409754123195,-1.70708234552499,3.14858347057703,180.400544308717
1.70409760271524,-1.70710225359876,3.13858347057703,179.827586513586
1.69409796511386,-1.70702216295862,3.12858347057703,179.254628718456
1.68409962838326,-1.70684208161356,3.11858347057703,178.681670923325
1.67410359234876,-1.70656202757157,3.10858347057703,178.108713128194
1.66411085660564,-1.70618202883781,3.09858347057703,177.535755333063
1.65412242041915,-1.70570212341185,3.08858347057704,176.962797537933
1.64413928262458,-1.70512235928383,3.07858347057703,176.389839742802
1.6341624415274,-1.70444279442967,3.06858347057703,175.81688194767
1.6241928948034,-1.7036634968053,3.05858347057704,175.24392415254
1.61423163939894,-1.70278454433983,3.04858347057705,174.67096635741
1.60427967143126,-1.70180602492778,3.03858347057703,174.098008562278
1.59433798608887,-1.70072803642026,3.02858347057703,173.525050767147
1.58440757753201,-1.69955068661523,3.01858347057704,172.952092972017
1.57448943879327,-1.6982740932467,3.00858347057703,172.379135176886
1.56458456167826,-1.69689838397293,2.99858347057703,171.806177381755
1.55469393666643,-1.6954236963637,2.98858347057703,171.233219586624
1.54481855281204,-1.69385017788655,2.97858347057704,170.660261791493
1.53495939764525,-1.69217798589202,2.96858347057704,170.087303996363
1.52511745707336,-1.6904072875979,2.95858347057703,169.514346201232
1.51529371528222,-1.68853826007256,2.94858347057703,168.941388406101
1.50548915463783,-1.68657109021718,2.93858347057704,168.36843061097
1.49570475558808,-1.68450597474712,2.92858347057703,167.795472815839
1.48594149656472,-1.6823431201722,2.91858347057703,167.222515020708
1.47620035388552,-1.68008274277608,2.90858347057704,166.649557225578
1.46648230165663,-1.67772506859461,2.89858347057704,166.076599430447
1.45678831167517,-1.67527033339324,2.88858347057702,165.503641635315
1.44711935333207,-1.67271878264345,2.87858347057704,164.930683840185
1.43747639351509,-1.67007067149819,2.86858347057705,164.357726045055
1.42786039651219,-1.66732626476637,2.85858347057703,163.784768249923
1.41827232391506,-1.66448583688637,2.84858347057703,163.211810454792
1.40871313452295,-1.66154967189861,2.83858347057704,162.638852659662
1.39918378424685,-1.65851806341715,2.82858347057704,162.065894864531
1.38968522601385,-1.6553913146003,2.81858347057703,161.4929370694
1.38021840967184,-1.65216973812035,2.80858347057704,160.919979274269
1.37078428189458,-1.64885365613226,2.79858347057702,160.347021479138
1.36138378608698,-1.64544340024145,2.78858347057702,159.774063684007
1.35201786229079,-1.64193931147069,2.77858347057704,159.201105888877
1.34268744709059,-1.63834174022592,2.76858347057704,158.628148093746
1.33339347352011,-1.63465104626127,2.75858347057703,158.055190298615
1.32413687096897,-1.63086759864307,2.74858347057703,157.482232503484
1.31491856508971,-1.62699177571292,2.73858347057705,156.909274708354
1.30573947770524,-1.62302396504988,2.72858347057704,156.336316913223
1.29660052671664,-1.61896456343172,2.71858347057703,155.763359118092
1.28750262601141,-1.61481397679522,2.70858347057704,155.190401322961
1.27844668537202,-1.61057262019557,2.69858347057703,154.61744352783
1.269433610385,-1.60624091776491,2.68858347057704,154.0444857327
1.26046430235034,-1.60181930266987,2.67858347057705,153.47152793757
1.25153965819135,-1.59730821706827,2.66858347057704,152.898570142438
1.24266057036503,-1.59270811206491,2.65858347057703,152.325612347307
1.23382792677275,-1.58801944766647,2.64858347057702,151.752654552175
1.22504261067152,-1.58324269273547,2.63858347057703,151.179696757045
1.21630550058562,-1.57837832494342,2.62858347057705,150.606738961915
1.20761747021878,-1.57342683072306,2.61858347057704,150.033781166784
1.19897938836679,-1.56838870521967,2.60858347057703,149.460823371653
1.19039211883065,-1.56326445224161,2.59858347057703,148.887865576522
1.18185652033016,-1.55805458420991,2.58858347057703,148.314907781391
1.17337344641804,-1.55275962210703,2.57858347057702,147.74194998626
1.16494374539462,-1.54738009542476,2.56858347057703,147.168992191129
1.15656826022298,-1.5419165421113,2.55858347057705,146.596034395999
1.14824782844465,-1.53636950851742,2.54858347057704,146.023076600868
1.13998328209589,-1.53073954934185,2.53858347057703,145.450118805737
1.13177544762443,-1.52502722757582,2.52858347057703,144.877161010606
1.12362514580689,-1.51923311444676,2.51858347057704,144.304203215476
1.11553319166665,-1.51335778936114,2.50858347057703,143.731245420344
1.10750039439239,-1.50740183984657,2.49858347057702,143.158287625213
1.09952755725713,-1.50136586149305,2.48858347057705,142.585329830084
1.09161547753796,-1.49525045789338,2.47858347057703,142.012372034952
1.08376494643624,-1.48905624058282,2.46858347057702,141.439414239821
1.07597674899855,-1.48278382897794,2.45858347057704,140.866456444691
1.06825166403814,-1.47643385031469,2.44858347057703,140.29349864956
1.06059046405706,-1.47000693958562,2.43858347057703,139.720540854429
1.05299391516894,-1.46350373947646,2.42858347057705,139.147583059299
1.04546277702232,-1.4569249003018,2.41858347057703,138.574625264167
1.03799780272476,-1.45027107994007,2.40858347057703,138.001667469036
1.03059973876745,-1.44354294376777,2.39858347057704,137.428709673906
1.02326932495063,-1.43674116459291,2.38858347057703,136.855751878774
1.01600729430956,-1.42986642258773,2.37858347057704,136.282794083644
1.00881437304128,-1.42291940522071,2.36858347057703,135.709836288513
1.0016912804319,-1.4159008071878,2.35858347057704,135.136878493383
0.994638728784746,-1.40881133034295,2.34858347057704,134.563920698252
0.987657423349115,-1.40165168362793,2.33858347057703,133.99096290312
0.980748062249728,-1.39442258300145,2.32858347057705,133.418005107991
0.973911336416938,-1.38712475136755,2.31858347057704,132.845047312859
0.967147929517632,-1.37975891850332,2.30858347057702,132.272089517728
0.960458517886861,-1.37232582098589,2.29858347057703,131.699131722597
0.953843770460216,-1.36482620211883,2.28858347057703,131.126173927466
0.947304348706926,-1.35726081185778,2.27858347057704,130.553216132336
0.940840906563718,-1.34963040673545,2.26858347057704,129.980258337205
0.934454090369419,-1.341935749786,2.25858347057703,129.407300542074
0.928144538800327,-1.33417761046872,2.24858347057703,128.834342746943
0.92191288280634,-1.32635676459106,2.23858347057704,128.261384951812
0.915759745547866,-1.31847399423111,2.22858347057704,127.688427156682
0.909685742333501,-1.31053008765932,2.21858347057703,127.115469361551
0.903691480558507,-1.30252583925973,2.20858347057703,126.542511566419
0.897777559644064,-1.29446204945052,2.19858347057704,125.969553771289
0.891944570977338,-1.28633952460394,2.18858347057704,125.396595976159
0.886193097852333,-1.27815907696571,2.17858347057704,124.823638181028
0.880523715411568,-1.26992152457378,2.16858347057703,124.250680385896
0.874936990588564,-1.26162769117652,2.15858347057703,123.677722590765
0.869433482051148,-1.25327840615036,2.14858347057704,123.104764795635
0.864013740145586,-1.24487450441685,2.13858347057704,122.531807000504
0.858678306841553,-1.23641682635915,2.12858347057704,121.958849205373
0.853427715677933,-1.22790621773803,2.11858347057703,121.385891410242
0.848262491709468,-1.21934352960725,2.10858347057703,120.812933615112
0.843183151454249,-1.21072961822849,2.09858347057704,120.239975819981
0.838190202842068,-1.2020653449857,2.08858347057703,119.66701802485
0.833284145163628,-1.19335157629901,2.07858347057703,119.094060229719
0.828465469020607,-1.184589183538,2.06858347057704,118.521102434589
0.823734656276604,-1.17577904293466,2.05858347057704,117.948144639458
0.819092180008951,-1.1669220354957,2.04858347057703,117.375186844327
0.814538504461406,-1.1580190469145,2.03858347057704,116.802229049196
0.810074084997729,-1.14907096748247,2.02858347057703,116.229271254065
0.805699368056147,-1.14007869200012,2.01858347057703,115.656313458934
0.801414791104706,-1.1310431196875,2.00858347057704,115.083355663804
0.797220782597534,-1.12196515409431,1.99858347057703,114.510397868672
0.793117761931984,-1.11284570300954,1.98858347057703,113.937440073542
0.789106139406705,-1.1036856783707,1.97858347057704,113.364482278411
0.785186316180606,-1.09448599617262,1.96858347057704,112.791524483281
0.781358684232743,-1.08524757637586,1.95858347057703,112.218566688149
0.777623626323121,-1.0759713428147,1.94858347057704,111.645608893019
0.773981515954419,-1.06665822310477,1.93858347057704,111.072651097888
0.770432717334638,-1.05730914855026,1.92858347057703,110.499693302756
0.766977585340683,-1.04792505405085,1.91858347057704,109.926735507627
0.763616465482875,-1.03850687800818,1.90858347057704,109.353777712495
0.760349693870397,-1.02905556223198,1.89858347057702,108.780819917364
0.75717759717769,-1.01957205184597,1.88858347057704,108.207862122234
0.754100492611778,-1.01005729519328,1.87858347057704,107.634904327103
0.751118687880555,-1.00051224374165,1.86858347057703,107.061946531972
0.748232481162008,-0.990937851988266,1.85858347057703,106.488988736841
0.745442161074405,-0.981335077364327,1.84858347057703,105.91603094171
0.742748006647428,-0.971704880139293,1.83858347057704,105.34307314658
0.740150287294275,-0.962048223324862,1.82858347057704,104.770115351449
0.737649262784717,-0.952366072578668,1.81858347057703,104.197157556318
0.735245183219121,-0.942659396107716,1.80858347057703,103.624199761187
0.732938289003439,-0.932929164571565,1.79858347057704,103.051241966056
0.730728810825172,-0.923176350985261,1.78858347057704,102.478284170925
0.728616969630295,-0.913401930622034,1.77858347057704,101.905326375795
0.726602976601168,-0.903606880915776,1.76858347057703,101.332368580663
0.724687033135416,-0.893792181363293,1.75858347057703,100.759410785533
0.722869330825789,-0.883958813426365,1.74858347057704,100.186452990402
0.721150051441003,-0.874107760433588,1.73858347057703,99.6134951952712
0.719529366907563,-0.864240007482054,1.72858347057704,99.0405374001406
0.718007439292573,-0.854356541338834,1.71858347057705,98.4675796050102
0.716584420787525,-0.844458350342306,1.70858347057704,97.8946218098789
0.715260453693085,-0.834546424303323,1.69858347057703,97.3216640147475
0.714035670404858,-0.824621754406227,1.68858347057703,96.7487062196169
0.712910193400153,-0.814685333109738,1.67858347057704,96.1757484244865
0.711884135225732,-0.804738154047704,1.66858347057703,95.6027906293553
0.710957598486558,-0.794781211929744,1.65858347057703,95.0298328342243
0.710130675835533,-0.784815502441772,1.64858347057704,94.456875039094
0.709403449964231,-0.774842022146432,1.63858347057703,93.8839172439627
0.708775993594636,-0.76486176838344,1.62858347057703,93.310959448832
0.70824836947186,-0.754875739169858,1.61858347057704,92.7380016537014
0.707820630357876,-0.744884933100286,1.60858347057704,92.1650438585707
0.707492819026239,-0.734890349247003,1.59858347057704,91.59208606344
0.70726496825781,-0.724892987060067,1.58858347057704,91.019128268309
0.707137100837474,-0.714893846267366,1.57858347057704,90.4461704731781
0.707109229551869,-0.704893926774646,1.56858347057704,89.8732126780473
0.707181357188098,-0.694894228565523,1.55858347057703,89.3002548829164
0.707353476533459,-0.684895751601485,1.54858347057703,88.7272970877855
0.70762557037616,-0.674899495721896,1.53858347057704,88.1543392926548
0.707997611507044,-0.664906460544015,1.52858347057703,87.5813814975237
0.708469562722307,-0.654917645363031,1.51858347057704,87.0084237023932
0.709041376827222,-0.644934049052138,1.50858347057703,86.4354659072623
0.709712996640855,-0.634956669962649,1.49858347057703,85.8625081121309
0.710484355001784,-0.624986505824157,1.48858347057704,85.2895503170007
0.711355374774815,-0.615024553644769,1.47858347057703,84.7165925218697
0.712325968858697,-0.605071809611398,1.46858347057704,84.1436347267393
0.71339604019483,-0.595129268990157,1.45858347057704,83.5706769316086
0.714565481776974,-0.585197926026822,1.44858347057703,82.9977191364768
0.715834176661943,-0.575278773847412,1.43858347057704,82.4247613413468
0.717201997981307,-0.56537280435888,1.42858347057704,81.8518035462158
0.718668808954074,-0.555481008149918,1.41858347057703,81.2788457510845
0.720234462900368,-0.545604374391906,1.40858347057704,80.7058879559541
0.7218988032561,-0.535743890739989,1.39858347057704,80.1329301608233
0.723661663588621,-0.525900543234315,1.38858347057703,79.5599723656924
0.725522867613368,-0.51607531620143,1.37858347057703,78.9870145705616
0.727482229211487,-0.506269192155853,1.36858347057704,78.4140567754312
0.729539552448453,-0.496483151701814,1.35858347057703,77.8410989802999
0.731694631593656,-0.486718173435205,1.34858347057703,77.2681411851689
0.733947251140978,-0.476975233845714,1.33858347057703,76.695183390038
0.736297185830341,-0.467255307219181,1.32858347057704,76.1222255949077
0.738744200670234,-0.45755936554017,1.31858347057705,75.5492677997774
0.741288050961212,-0.447888378394768,1.30858347057703,74.9763100046457
0.743928482320367,-0.43824331287363,1.29858347057703,74.4033522095146
0.746665230706763,-0.428625133475272,1.28858347057703,73.8303944143836
0.749498022447841,-0.419034802009618,1.27858347057704,73.2574366192536
0.752426574266788,-0.409473277501822,1.26858347057703,72.6844788241225
0.755450593310864,-0.399941516096367,1.25858347057703,72.1115210289916
0.758569777180682,-0.390440470961451,1.24858347057704,71.5385632338612
0.761783813960456,-0.38097109219367,1.23858347057703,70.96560543873
0.765092382249187,-0.37153432672301,1.22858347057703,70.3926476435988
0.768495151192802,-0.362131118218152,1.21858347057703,69.8196898484683
0.771991780517242,-0.352762406992113,1.20858347057704,69.2467320533382
0.77558192056249,-0.343429129908208,1.19858347057704,68.6737742582069
0.779265212317531,-0.334132220286367,1.18858347057704,68.1008164630761
0.783041287456261,-0.324872607809805,1.17858347057703,67.527858667945
0.786909768374312,-0.315651218432052,1.16858347057702,66.9549008728135
0.790870268226816,-0.306468974284364,1.15858347057704,66.3819430776838
0.794922390967088,-0.297326793583502,1.14858347057704,65.8089852825528
0.79906573138623,-0.288225590539918,1.13858347057703,65.2360274874215
0.803299875153655,-0.279166275266331,1.12858347057705,64.6630696922916
0.807624398858513,-0.270149753686722,1.11858347057704,64.0901118971608
0.812038870052037,-0.261176927445733,1.10858347057703,63.5171541020289
0.816542847290788,-0.252248693818511,1.09858347057703,62.944196306898
0.821135880180794,-0.243365945620977,1.08858347057704,62.3712385117678
0.825817509422594,-0.234529571120552,1.07858347057704,61.7982807166371
0.830587266857164,-0.225740453947321,1.06858347057703,61.2253229215059
0.835444675512738,-0.216999473005676,1.05858347057703,60.6523651263749
0.840389249652496,-0.208307502386426,1.04858347057703,60.0794073312444
0.845420494823146,-0.199665411279394,1.03858347057704,59.5064495361137
0.850537907904362,-0.191074063886485,1.02858347057704,58.9334917409829
0.855740977159101,-0.18253431933528,1.01858347057704,58.3605339458521
0.861029182284774,-0.174047031593118,1.00858347057703,57.7875761507208
0.866401994465275,-0.165613049381701,0.998583470577028,57.2146183555899
0.871858876423863,-0.157233216092221,0.988583470577046,56.6416605604601
0.877399282476889,-0.148908369701023,0.978583470577037,56.0687027653288
0.883022658588367,-0.14063934268581,0.968583470577027,55.4957449701974
0.888728442425369,-0.132426961942393,0.958583470577036,54.9227871750671
0.894516063414268,-0.124272048702003,0.948583470577037,54.3498293799363
0.900384942797787,-0.116175418449166,0.938583470577035,53.7768715848054
0.906334493692879,-0.108137880840162,0.928583470577035,53.2039137896746
0.912364121149413,-0.100160239622054,0.918583470577036,52.6309559945438
0.918473222209667,-0.0922432925523151,0.908583470577035,52.0579981994129
0.924661185968626,-0.0843878313190553,0.898583470577034,51.485040404282
0.930927393635071,-0.0765946414618514,0.888583470577037,50.9120826091514
0.937271218593458,-0.0688645022931943,0.878583470577037,50.3391248140206
0.943692026466576,-0.0611981868205603,0.868583470577032,49.7661670188894
0.950189175178989,-0.0535964616691077,0.858583470577033,49.1932092237587
0.95676201502124,-0.0460600870050166,0.848583470577037,48.6202514286281
0.963409888714823,-0.0385898164594727,0.838583470577033,48.047293633497
0.970132131477908,-0.0311863970533065,0.828583470577037,47.4743358383664
0.97692807109182,-0.0238505691222884,0.818583470577034,46.9013780432354
0.983797027968261,-0.0165830662430987,0.808583470577025,46.3284202481041
0.990738315217268,-0.00938461515996813,0.798583470577038,45.7554624529741
0.9977512387159,-0.00225593571200744,0.788583470577035,45.182504657843
1.00483509717765,0.00480225923877931,0.778583470577028,44.6095468627118
1.01198918222258,0.0117892638787799,0.768583470577041,44.0365890675817
1.01921277844814,0.0187043795133512,0.75858347057704,43.4636312724509
1.02650516350073,0.0255469146366933,0.748583470577023,42.890673477319
1.03386560814793,0.0323161850009955,0.73858347057703,42.3177156821886
1.0412933763514,0.0390115136848637,0.728583470577038,41.7447578870583
1.0487877253405,0.045632231161007,0.718583470577037,41.1718000919274
1.0563479056866,0.0521776753631962,0.708583470577046,40.5988422967971
1.06397316137794,0.0586471917524654,0.698583470577033,40.0258845016655
1.07166272989533,0.0650401333825672,0.688583470577028,39.4529267065344
1.07941584228831,0.0713558609646652,0.67858347057704,38.8799689114043
1.0872317232521,0.0775937429312649,0.668583470577033,38.3070111162731
1.09510959120513,0.0837531554993677,0.658583470577027,37.7340533211419
1.10304865836716,0.0898334827328496,0.64858347057703,37.1610955260112
1.11104813083809,0.0958341166040547,0.638583470577035,36.5881377308807
1.11910720867735,0.101754457054596,0.62858347057705,36.0151799357507
1.12722508598385,0.107593912055361,0.618583470577031,35.4422221406188
1.13540095097664,0.113351897665717,0.60858347057702,34.8692643454874
1.14363398607604,0.119027838091902,0.59858347057704,34.2963065503577
1.15192336798538,0.124621165744602,0.588583470577043,33.723348755227
1.1602682677734,0.130131321295713,0.57858347057704,33.150390960096
1.16866785095706,0.135557753734272,0.568583470577029,32.5774331649646
1.17712127758504,0.140899920421557,0.558583470577023,32.0044753698334
1.18562770232173,0.146157287145351,0.548583470577027,31.4315175747028
1.19418627453174,0.151329328173362,0.538583470577034,30.8585597795724
1.20279613836499,0.156415526305799,0.528583470577039,30.2856019844419
1.21145643284226,0.161415372927087,0.518583470577046,29.7126441893115
1.22016629194133,0.166328368056729,0.508583470577036,29.13968639418
1.22892484468353,0.171154020399306,0.498583470577024,28.5667285990486
1.23773121522091,0.175891847393607,0.488583470577041,27.9937708039187
1.24658452292373,0.18054137526088,0.478583470577035,27.4208130087875
1.25548388246862,0.185102139052211,0.468583470577027,26.8478552136562
1.26442840392702,0.189573682695024,0.458583470577037,26.274897418526
1.27341719285425,0.193955559038681,0.448583470577034,25.701939623395
1.28244935037891,0.198247329899197,0.438583470577036,25.1289818282643
1.29152397329277,0.202448566103064,0.428583470577036,24.5560240331334
1.30064015414111,0.206558847530163,0.418583470577033,23.9830662380025
1.30979698131342,0.210577763155775,0.408583470577034,23.4101084428717
1.31899353913463,0.214504911091687,0.398583470577028,22.8371506477406
1.32822890795662,0.218339898626379,0.388583470577034,22.26419285261
1.33750216425021,0.222082342264293,0.378583470577038,21.6912350574794
1.34681238069748,0.225731867764183,0.368583470577034,21.1182772623484
1.35615862628456,0.229288110176541,0.358583470577028,20.5453194672173
1.36553996639467,0.232750713880089,0.348583470577041,19.9723616720872
1.37495546290163,0.236119332617343,0.338583470577039,19.3994038769562
1.38440417426362,0.239393629529235,0.328583470577035,18.8264460818252
1.39388515561738,0.242573277188804,0.318583470577043,18.2534882866948
1.40339745887269,0.245657957633932,0.30858347057703,17.6805304915633
1.41294013280714,0.248647362399146,0.298583470577027,17.1075726964322
1.42251222316128,0.251541192546461,0.288583470577035,16.5346149013019
1.43211277273407,0.254339158695273,0.27858347057703,15.9616571061708
1.44174082147854,0.2570409810513,0.268583470577032,15.3886993110401
1.45139540659785,0.259646389434556,0.258583470577038,14.8157415159096
1.46107556264152,0.262155123306375,0.24858347057704,14.2427837207788
1.47078032160202,0.26456693179546,0.238583470577034,13.6698259256477
1.48050871301154,0.266881573722973,0.228583470577029,13.0968681305166
1.49025976403905,0.269098817626649,0.21858347057703,12.5239103353859
1.50003249958756,0.271218441783945,0.208583470577035,11.9509525402553
1.50982594239168,0.273240234234213,0.198583470577038,11.3779947451246
1.51963911311527,0.275163992799892,0.188583470577037,10.8050369499938
1.52947103044945,0.276989525106728,0.178583470577032,10.2320791548627
1.53932071121068,0.278716648603013,0.168583470577042,9.65912135973241
1.54918717043908,0.280345190577835,0.158583470577041,9.0861635646015
1.55906942149695,0.281874988178355,0.148583470577025,8.51320576946977
1.56896647616743,0.283305888426087,0.138583470577029,7.94024797433916
1.5788773447533,0.284637748232199,0.128583470577031,7.3672901792085
1.58880103617595,0.28587043441182,0.118583470577038,6.79433238407805
1.59873655807452,0.28700382369736,0.108583470577033,6.22137458894693
1.60868291690509,0.288037802750834,0.0985834705770312,5.64841679381602
1.61863911804006,0.288972268175199,0.088583470577035,5.07545899868541
1.62860416586763,0.28980712652469,0.0785834705770307,4.50250120355435
1.63857706389131,0.290542294314169,0.0685834705770363,3.92954340842384
1.64855681482962,0.29117769802747,0.0585834705770401,3.35658561329323
1.65854242071576,0.29171327412475,0.0485834705770261,2.78362781816161
1.66853288299749,0.292148969048846,0.0385834705770316,2.2106700230311
1.67852720263689,0.292484739230629,0.028583470577046,1.6377122279011
1.68852438021032,0.292720551093361,0.0185834705770365,1.06475443276973
1.69852341600837,0.292856381056051,0.00858347057702513,0.491796637638261
1.70852331013579,0.292892215535817,6.28176877775662,359.918838842508
1.71852306261149,0.29282805094924,6.27176877775662,359.345881047377
1.72852167346856,0.292663893712726,6.26176877775662,358.772923252246
1.73851814285425,0.292399760241862,6.25176877775663,358.199965457116
1.74851147112995,0.292035676949774,6.24176877775662,357.627007661985
1.75850065897115,0.291571680244488,6.23176877775662,357.054049866854
1.76848470746741,0.291007816525289,6.22176877775662,356.481092071723
1.77846261822219,0.290344142178077,6.21176877775662,355.908134276592
1.78843339345273,0.289580723569736,6.20176877775662,355.335176481461
1.79839603608981,0.288717637041489,6.19176877775662,354.762218686331
1.80834954987747,0.28775496890127,6.18176877775662,354.1892608912
1.81829293947264,0.286692815415091,6.17176877775661,353.616303096069
1.82822521054463,0.285531282797416,6.16176877775662,353.043345300938
1.83814536987462,0.284270487200538,6.15176877775662,352.470387505807
1.84805242545493,0.282910554702966,6.14176877775662,351.897429710676
1.85794538658828,0.281451621296816,6.13176877775661,351.324471915545
1.86782326398678,0.279893832874215,6.12176877775663,350.751514120415
1.87768506987094,0.278237345212705,6.11176877775662,350.178556325284
1.88752981806837,0.276482323959672,6.10176877775662,349.605598530153
1.89735652411246,0.27462894461578,6.09176877775663,349.032640735023
1.90716420534081,0.272677392517418,6.08176877775662,348.459682939891
1.91695188099345,0.270627862818169,6.07176877775662,347.886725144761
1.92671857231098,0.268480560469297,6.06176877775662,347.31376734963
1.93646330263241,0.266235700199245,6.05176877775661,346.740809554499
1.94618509749283,0.263893506492171,6.04176877775663,346.167851759369
1.95588298472084,0.261454213565493,6.03176877775662,345.594893964237
1.96555599453582,0.258918065346471,6.02176877775662,345.021936169107
1.97520315964483,0.256285315447815,6.01176877775662,344.448978373976
1.98482351533941,0.253556227142318,6.00176877775662,343.876020578845
1.99441609959201,0.250731073336539,5.99176877775662,343.303062783714
2.00397995315219,0.247810136543503,5.98176877775662,342.730104988583
2.01351411964256,0.244793708854456,5.97176877775662,342.157147193453
2.02301764565443,0.241682091909652,5.96176877775662,341.584189398321
2.03248958084311,0.238475596868193,5.95176877775662,341.011231603191
2.04192897802297,0.235174544376911,5.94176877775662,340.43827380806
2.05133489326217,0.231779264538305,5.93176877775661,339.865316012929
2.06070638597702,0.228290096877529,5.92176877775661,339.292358217798
2.07004251902605,0.224707390308441,5.91176877775663,338.719400422668
2.07934235880375,0.221031503098713,5.90176877775662,338.146442627537
2.08860497533388,0.217262802834003,5.89176877775661,337.573484832405
2.09782944236251,0.213401666381196,5.88176877775663,337.000527037275
2.10701483745062,0.209448479850719,5.87176877775662,336.427569242144
2.11616024206636,0.205403638557933,5.86176877775661,335.854611447013
2.12526474167689,0.201267546983595,5.85176877775662,335.281653651883
2.13432742583983,0.197040618733416,5.84176877775662,334.708695856752
2.14334738829433,0.192723276496699,5.83176877775662,334.135738061621
2.15232372705165,0.188315952004069,5.82176877775662,333.56278026649
2.16125554448539,0.183819085984304,5.81176877775662,332.989822471359
2.17014194742126,0.179233128120256,5.80176877775661,332.416864676228
2.17898204722637,0.174558537003893,5.79176877775663,331.843906881098
2.1877749598981,0.169795780090429,5.78176877775663,331.270949085967
2.19651980615251,0.164945333651587,5.77176877775662,330.697991290836
2.20521571151228,0.160007682727969,5.76176877775662,330.125033495705
2.21386180639409,0.154983321080552,5.75176877775661,329.552075700574
2.22245722619569,0.149872751141315,5.74176877775663,328.979117905444
2.23100111138224,0.144676483962993,5.73176877775663,328.406160110313
2.23949260757234,0.139395039167972,5.72176877775661,327.833202315181
2.24793086562346,0.134028944896331,5.71176877775661,327.260244520051
2.25631504171683,0.128578737753027,5.70176877775662,326.68728672492
2.26464429744181,0.123044962754231,5.69176877775661,326.114328929789
2.27291779987978,0.117428173272831,5.68176877775662,325.541371134659
2.28113472168738,0.111728930983096,5.67176877775662,324.968413339528
2.2892942411793,0.105947805804505,5.66176877775662,324.395455544397
2.29739554241036,0.100085375844757,5.65176877775663,323.822497749266
2.30543781525722,0.0941422273419651,5.64176877775661,323.249539954135
2.31342025549927,0.0881189546060246,5.63176877775662,322.676582159004
2.32134206489915,0.0820161599591913,5.62176877775664,322.103624363875
2.32920245128252,0.0758344536758437,5.61176877775662,321.530666568743
2.33700062861729,0.0695744539214588,5.60176877775661,320.957708773611
2.34473581709223,0.0632367866907946,5.59176877775662,320.384750978481
2.35240724319493,0.0568220857452941,5.58176877775661,319.81179318335
2.36001413978918,0.0503309925497056,5.57176877775662,319.238835388219
2.36755574619166,0.0437641562079397,5.56176877775662,318.665877593088
2.37503130824801,0.0371222333981573,5.55176877775663,318.092919797958
2.38244007840826,0.030405888307106,5.54176877775663,317.519962002828
2.38978131580156,0.0236157925636971,5.53176877775661,316.947004207696
2.39705428631029,0.0167526251718465,5.52176877775662,316.374046412565
2.40425826264346,0.00981707244257368,5.51176877775663,315.801088617435
2.41139252440945,0.00280982792537321,5.50176877775663,315.228130822304
2.41845635818801,-0.00426840766114334,5.49176877775663,314.655173027173
2.42544905760167,-0.0114169264993157,5.48176877775661,314.082215232042
2.4323699233863,-0.0186350137432179,5.47176877775661,313.509257436911
2.43921826346109,-0.0259219475901391,5.46176877775661,312.93629964178
2.44599339299775,-0.033276999352768,5.45176877775661,312.363341846649
2.45269463448896,-0.0406994335320572,5.44176877775663,311.79038405152
2.45932131781617,-0.0481885078907749,5.43176877775664,311.217426256389
2.46587278031655,-0.0557434735277247,5.42176877775661,310.644468461257
2.47234836684933,-0.0633635749526396,5.41176877775662,310.071510666126
2.47874742986124,-0.0710480501617269,5.40176877775662,309.498552870996
2.48506932945131,-0.0787961307138695,5.39176877775662,308.925595075864
2.49131343343485,-0.0866070418074697,5.38176877775661,308.352637280733
2.49747911740668,-0.0944800023579255,5.37176877775662,307.779679485603
2.50356576480352,-0.102414225075744,5.36176877775663,307.206721690473
2.50957276696572,-0.110408916545264,5.35176877775663,306.633763895342
2.51549952319805,-0.118463277304004,5.34176877775662,306.060806100211
2.52134544082985,-0.126576501922594,5.33176877775661,305.487848305079
2.52710993527421,-0.13474777908534,5.32176877775661,304.914890509949
2.53279243008649,-0.142976291671329,5.31176877775662,304.341932714818
2.53839235702195,-0.151261216836165,5.30176877775662,303.768974919687
2.54390915609257,-0.159601726094232,5.29176877775662,303.196017124556
2.54934227562303,-0.167996985401555,5.28176877775661,302.623059329425
2.5546911723059,-0.1764461552392,5.27176877775663,302.050101534295
2.55995531125598,-0.184948390697224,5.26176877775663,301.477143739164
2.56513416606376,-0.193502841559168,5.25176877775662,300.904185944033
2.57022721884807,-0.202108652387069,5.24176877775662,300.331228148902
2.57523396030789,-0.210764962607024,5.23176877775661,299.758270353771
2.58015388977322,-0.219470906595218,5.22176877775663,299.185312558641
2.58498651525523,-0.228225613764509,5.21176877775663,298.61235476351
2.5897313534954,-0.237028208651476,5.20176877775661,298.039396968379
2.59438793001386,-0.245877811003966,5.19176877775661,297.466439173248
2.59895577915683,-0.25477353586912,5.18176877775662,296.893481378118
2.60343444414321,-0.263714493681859,5.17176877775663,296.320523582987
2.60782347711024,-0.272699790353859,5.16176877775662,295.747565787856
2.61212243915826,-0.281728527362934,5.15176877775663,295.174607992725
2.61633090039467,-0.290799801842915,5.14176877775662,294.601650197594
2.62044843997684,-0.299912706673907,5.13176877775661,294.028692402462
2.62447464615424,-0.309066330573023,5.12176877775661,293.455734607332
2.62840911630962,-0.318259758185501,5.11176877775662,292.882776812202
2.63225145699923,-0.327492070176241,5.10176877775664,292.309819017072
2.63600128399222,-0.336762343321739,5.09176877775663,291.736861221941
2.639658222309,-0.346069650602402,5.08176877775661,291.163903426809
2.6432219062588,-0.355413061295262,5.07176877775663,290.590945631679
2.64669197947617,-0.364791641067031,5.06176877775663,290.017987836548
2.65006809495671,-0.374204452067554,5.05176877775661,289.445030041416
2.65334991509167,-0.383650553023569,5.04176877775661,288.872072246285
2.65653711170176,-0.393128999332855,5.03176877775663,288.299114451156
2.65962936607,-0.402638843158679,5.02176877775663,287.726156656025
2.66262636897352,-0.412179133524583,5.01176877775661,287.153198860893
2.66552782071452,-0.421748916409483,5.00176877775661,286.580241065762
2.66833343115025,-0.431347234843059,4.99176877775664,286.007283270633
2.671042919722,-0.440973129001475,4.98176877775662,285.434325475501
2.67365601548317,-0.45062563630333,4.9717687777566,284.861367680369
2.67617245712637,-0.46030379150594,4.96176877775663,284.28840988524
2.67859199300953,-0.470006626801849,4.95176877775663,283.715452090109
2.68091438118108,-0.479733171915615,4.94176877775661,283.142494294977
2.68313938940413,-0.489482454200831,4.93176877775663,282.569536499847
2.68526679517971,-0.49925349873739,4.92176877775663,281.996578704717
2.68729638576903,-0.509045328428986,4.91176877775662,281.423620909585
2.68922795821471,-0.518856964100804,4.90176877775663,280.850663114455
2.69106131936112,-0.52868742459746,4.89176877775662,280.277705319323
2.69279628587367,-0.538535726881091,4.88176877775661,279.704747524192
2.69443268425716,-0.548400886129677,4.87176877775663,279.131789729062
2.69597035087311,-0.558281915835514,4.86176877775663,278.558831933932
2.69740913195614,-0.568177827903866,4.85176877775663,277.985874138801
2.69874888362934,-0.578087632751774,4.84176877775661,277.412916343669
2.69998947191867,-0.588010339407007,4.83176877775662,276.839958548539
2.70113077276632,-0.597944955607174,4.82176877775663,276.267000753408
2.70217267204316,-0.607890487898928,4.8117687777566,275.694042958276
2.70311506556014,-0.617845941737334,4.80176877775661,275.121085163146
2.70395785907868,-0.627810321585299,4.79176877775663,274.548127368016
2.70470096832014,-0.637782631013145,4.78176877775663,273.975169572885
2.70534431897421,-0.647761872798238,4.77176877775661,273.402211777753
2.70588784670637,-0.657747049024716,4.7617687777566,272.829253982622
2.70633149716429,-0.667737161183279,4.75176877775662,272.256296187492
2.70667522598329,-0.67773121027103,4.74176877775663,271.683338392362
2.70691899879079,-0.687728196891397,4.73176877775663,271.110380597231
2.7070627912097,-0.697727121354043,4.72176877775661,270.537422802099
2.7071065888609,-0.707726983774857,4.71176877775661,269.964465006968
2.70705038736467,-0.717726784175928,4.70176877775664,269.391507211839
2.7068941923411,-0.72772552258555,4.69176877775663,268.818549416707
2.70663801940957,-0.737722199138214,4.6817687777566,268.245591621575
2.70628189418715,-0.747715814174596,4.67176877775661,267.672633826445
2.70582585228608,-0.757705368341522,4.66176877775662,267.099676031314
2.70526993931017,-0.767689862691896,4.65176877775663,266.526718236184
2.70461421085024,-0.777668298784605,4.64176877775664,265.953760441054
2.70385873247859,-0.787639678784355,4.63176877775661,265.380802645922
2.70300357974244,-0.797603005561456,4.62176877775662,264.807844850791
2.70204883815635,-0.807557282791533,4.61176877775663,264.234887055661
2.70099460319368,-0.817501515055158,4.6017687777566,263.661929260529
2.69984098027704,-0.827434707937391,4.59176877775662,263.088971465399
2.69858808476777,-0.837355868127222,4.58176877775663,262.516013670269
2.69723604195437,-0.847264003516901,4.57176877775661,261.943055875137
2.69578498704,-0.857158123301143,4.56176877775663,261.370098080007
2.69423506512894,-0.867037238076216,4.55176877775662,260.797140284876
2.6925864312121,-0.876900359938874,4.5417687777566,260.224182489744
2.69083925015147,-0.886746502585152,4.53176877775663,259.651224694614
2.68899369666373,-0.896574681408989,4.52176877775663,259.078266899483
2.68704995530268,-0.906383913600693,4.51176877775663,258.505309104353
2.68500822044083,-0.916173218245222,4.50176877775662,257.932351309221
2.68286869624997,-0.925941616420262,4.49176877775662,257.35939351409
2.68063159668073,-0.935688131294144,4.48176877775663,256.78643571896
2.67829714544122,-0.945411788223498,4.47176877775662,256.213477923829
2.6758655759746,-0.955111614850734,4.46176877775662,255.640520128698
2.6733371314358,-0.964786641201275,4.45176877775662,255.067562333567
2.67071206466716,-0.974435899780546,4.44176877775661,254.494604538436
2.66799063817318,-0.984058425670731,4.43176877775662,253.921646743306
2.66517312409423,-0.993653256627261,4.42176877775662,253.348688948175
2.66225980417938,-1.00321943317504,4.41176877775663,252.775731153045
2.65925096975819,-1.01275599870437,4.40176877775663,252.202773357914
2.65614692171159,-1.02226199956666,4.39176877775661,251.629815562782
2.6529479704418,-1.03173648516974,4.38176877775661,251.056857767651
2.64965443584128,-1.04117850807294,4.37176877775662,250.483899972521
2.64626664726076,-1.05058712408185,4.36176877775663,249.91094217739
2.64278494347625,-1.0599613923427,4.35176877775662,249.337984382259
2.63920967265525,-1.06930037543648,4.34176877775661,248.765026587128
2.63554119232185,-1.07860313947267,4.33176877775663,248.192068791998
2.63177986932103,-1.0878687541826,4.32176877775664,247.619110996868
2.62792607978195,-1.09709629301254,4.3117687777566,247.046153201735
2.62398020908036,-1.10628483321628,4.30176877775661,246.473195406604
2.61994265180004,-1.11543345594746,4.29176877775663,245.900237611475
2.61581381169335,-1.12454124635145,4.28176877775664,245.327279816344
2.61159410164087,-1.13360729365677,4.27176877775662,244.754322021213
2.60728394361008,-1.14263069126627,4.26176877775661,244.181364226081
2.60288376861318,-1.15161053684769,4.25176877775661,243.60840643095
2.59839401666403,-1.16054593242396,4.24176877775661,243.03544863582
2.59381513673406,-1.16943598446298,4.23176877775663,242.46249084069
2.58914758670746,-1.17827980396694,4.22176877775662,241.889533045558
2.58439183333535,-1.18707650656126,4.21176877775662,241.316575250427
2.57954835218908,-1.19582521258303,4.20176877775661,240.743617455296
2.57461762761274,-1.20452504716891,4.19176877775662,240.170659660166
2.56960015267469,-1.21317514034271,4.18176877775664,239.597701865036
2.56449642911823,-1.22177462710232,4.17176877775664,239.024744069905
2.55930696731147,-1.23032264750623,4.16176877775662,238.451786274773
2.55403228619625,-1.23881834675951,4.15176877775662,237.878828479642
2.54867291323631,-1.24726087529933,4.14176877775662,237.305870684512
2.54322938436446,-1.25564938887987,4.13176877775661,236.73291288938
2.53770224392907,-1.26398304865675,4.12176877775662,236.15995509425
2.53209204463955,-1.27226102127095,4.11176877775661,235.586997299119
2.52639934751118,-1.2804824789321,4.10176877775662,235.014039503989
2.52062472180892,-1.28864659950128,4.09176877775662,234.441081708858
2.51476874499052,-1.29675256657325,4.08176877775662,233.868123913727
2.5088320026488,-1.30479956955805,4.07176877775663,233.295166118597
2.50281508845303,-1.31278680376209,4.0617687777566,232.722208323464
2.49671860408962,-1.32071347046861,4.05176877775661,232.149250528334
2.49054315920193,-1.32857877701753,4.04176877775663,231.576292733204
2.48428937132929,-1.33638193688476,4.03176877775663,231.003334938073
2.4779578658453,-1.34412216976082,4.02176877775663,230.430377142942
2.47154927589521,-1.35179870162886,4.01176877775663,229.857419347811
2.46506424233268,-1.3594107648421,4.00176877775662,229.28446155268
2.45850341365567,-1.36695759820056,3.99176877775661,228.711503757549
2.45186744594158,-1.37443844702719,3.98176877775663,228.138545962419
2.44515700278164,-1.38185256324334,3.97176877775662,227.565588167288
2.43837275521458,-1.38919920544358,3.96176877775662,226.992630372157
2.4315153816595,-1.3964776389698,3.95176877775663,226.419672577027
2.42458556784805,-1.40368713598471,3.94176877775662,225.846714781895
2.41758400675583,-1.41082697554463,3.93176877775662,225.273756986764
2.41051139853311,-1.41789644367154,3.92176877775663,224.700799191634
2.40336845043483,-1.42489483342453,3.91176877775662,224.127841396503
2.39615587674984,-1.43182144497044,3.90176877775662,223.554883601372
2.3888743987295,-1.43867558565391,3.89176877775661,222.981925806241
2.38152474451554,-1.44545657006657,3.88176877775662,222.40896801111
2.37410764906727,-1.45216372011563,3.87176877775663,221.83601021598
2.36662385408803,-1.45879636509167,3.86176877775662,221.263052420849
2.35907410795111,-1.46535384173573,3.8517687777566,220.690094625717
2.35145916562481,-1.47183549430561,3.84176877775662,220.117136830587
2.34377978859702,-1.47824067464144,3.83176877775662,219.544179035456
2.33603674479905,-1.48456874223054,3.8217687777566,218.971221240324
2.32823080852883,-1.49081906427142,3.81176877775663,218.398263445195
2.32036276037348,-1.49699101573708,3.80176877775663,217.825305650064
2.31243338713125,-1.50308397943752,3.79176877775662,217.252347854933
2.30444348173286,-1.50909734608145,3.78176877775662,216.679390059802
2.2963938431622,-1.51503051433721,3.77176877775663,216.106432264672
2.28828527637642,-1.52088289089292,3.76176877775663,215.533474469541
2.28011859222542,-1.52665389051581,3.75176877775662,214.96051667441
2.27189460737084,-1.53234293611072,3.74176877775663,214.387558879279
2.26361414420428,-1.53794945877783,3.73176877775661,213.814601084147
2.25527803076518,-1.54347289786955,3.72176877775661,213.241643289017
2.24688710065793,-1.54891270104656,3.71176877775663,212.668685493887
2.23844219296855,-1.5542683243331,3.70176877775662,212.095727698756
2.22994415218077,-1.55953923217129,3.69176877775661,211.522769903624
2.22139382809159,-1.56472489747473,3.68176877775662,210.949812108494
2.21279207572629,-1.56982480168123,3.67176877775662,210.376854313363
2.20413975525293,-1.5748384348046,3.66176877775662,209.803896518232
2.19543773189636,-1.57976529548573,3.65176877775663,209.230938723102
2.18668687585166,-1.58460489104263,3.64176877775663,208.657980927971
2.17788806219715,-1.5893567375198,3.63176877775661,208.085023132839
2.16904217080685,-1.59402035973653,3.62176877775661,207.512065337708
2.16015008626253,-1.59859529133451,3.61176877775663,206.939107542579
2.15121269776524,-1.60308107482437,3.60176877775662,206.366149747447
2.14223089904638,-1.60747726163152,3.59176877775662,205.793191952316
2.13320558827833,-1.61178341214092,3.58176877775662,205.220234157186
2.12413766798466,-1.61599909574113,3.57176877775662,204.647276362055
2.11502804494983,-1.62012389086728,3.56176877775663,204.074318566925
2.10587763012856,-1.62415738504332,3.55176877775661,203.501360771793
2.0966873385547,-1.62809917492317,3.5417687777566,202.928402976661
2.08745808924976,-1.63194886633114,3.53176877775663,202.355445181532
2.07819080513096,-1.6357060743013,3.52176877775664,201.782487386402
2.06888641291901,-1.63937042311598,3.51176877775662,201.20952959127
2.05954584304537,-1.64294154634334,3.50176877775661,200.636571796139
2.05017002955924,-1.64641908687405,3.49176877775662,200.063614001008
2.04075991003415,-1.64980269695695,3.48176877775661,199.490656205877
2.03131642547423,-1.65309203823385,3.47176877775663,198.917698410747
2.02184052022005,-1.65628678177337,3.46176877775662,198.344740615616
2.01233314185424,-1.6593866081038,3.45176877775661,197.771782820485
2.00279524110673,-1.66239120724511,3.44176877775663,197.198825025355
1.99322777175962,-1.66530027873988,3.43176877775661,196.625867230223
1.9836316905519,-1.66811353168338,3.42176877775661,196.052909435092
1.97400795708367,-1.67083068475268,3.41176877775663,195.479951639962
1.96435753372027,-1.67345146623471,3.40176877775662,194.906993844831
1.95468138549599,-1.67597561405353,3.39176877775661,194.3340360497
1.94498048001759,-1.67840287579644,3.38176877775662,193.761078254569
1.93525578736754,-1.68073300873931,3.37176877775662,193.188120459439
1.92550828000699,-1.68296577987078,3.36176877775662,192.615162664307
1.91573893267856,-1.68510096591558,3.35176877775662,192.042204869177
1.90594872230884,-1.68713835335691,3.34176877775662,191.469247074046
1.89613862791071,-1.68907773845771,3.33176877775662,190.896289278915
1.88630963048543,-1.6909189272811,3.32176877775663,190.323331483785
1.87646271292456,-1.69266173570971,3.31176877775662,189.750373688653
1.86659885991164,-1.69430598946416,3.3017687777566,189.177415893521
1.85671905782377,-1.69585152412045,3.29176877775662,188.604458098392
1.8468242946329,-1.6972981851264,3.28176877775663,188.031500303262
1.83691555980712,-1.69864582781711,3.27176877775662,187.45854250813
1.82699384421165,-1.69989431742943,3.26176877775661,186.885584712999
1.81706014000979,-1.70104352911545,3.25176877775663,186.312626917869
1.80711544056367,-1.70209334795496,3.24176877775662,185.739669122738
1.79716074033495,-1.70304366896694,3.23176877775661,185.166711327606
1.78719703478536,-1.70389439712009,3.22176877775663,184.593753532477
1.77722532027716,-1.7046454473423,3.21176877775663,184.020795737346
1.76724659397347,-1.70529674452917,3.20176877775662,183.447837942214
1.75726185373863,-1.70584822355154,3.19176877775662,182.874880147083
1.74727209803832,-1.70629982926194,3.18176877775662,182.301922351953
1.7372783258398,-1.7066515165002,3.17176877775663,181.728964556822
1.72728153651196,-1.70690325009788,3.16176877775662,181.156006761691
1.7172827297254,-1.70705500488182,3.15176877775662,180.58304896656
1.70728290535246,-1.70710676567669,3.14176877775662,180.01009117143
1.69728306336726,-1.70705852730643,3.13176877775663,179.437133376299
1.68728420374565,-1.70691029459486,3.12176877775661,178.864175581167
1.67728732636526,-1.70666208236511,3.11176877775662,178.291217786037
1.66729343090551,-1.7063139154382,3.10176877775663,177.718259990907
1.65730351674761,-1.70586582863054,3.09176877775662,177.145302195775
1.64731858287465,-1.70531786675043,3.08176877775661,176.572344400644
1.6373396277717,-1.7046700845936,3.07176877775661,175.999386605513
1.62736764932595,-1.70392254693773,3.06176877775663,175.426428810383
1.61740364472693,-1.70307532853596,3.05176877775662,174.853471015252
1.60744861036682,-1.70212851410943,3.04176877775662,174.280513220121
1.59750354174073,-1.70108219833879,3.03176877775661,173.70755542499
1.58756943334725,-1.69993648585475,3.02176877775661,173.134597629859
1.57764727858895,-1.69869149122759,3.01176877775663,172.561639834729
1.56773806967301,-1.69734733895575,3.00176877775662,171.988682039598
1.5578427975121,-1.69590416345333,2.99176877775661,171.415724244467
1.54796245162516,-1.69436210903667,2.98176877775662,170.842766449336
1.53809802003856,-1.69272132990994,2.97176877775664,170.269808654206
1.52825048918723,-1.69098199014968,2.96176877775662,169.696850859075
1.51842084381606,-1.68914426368842,2.9517687777566,169.123893063942
1.50861006688139,-1.68720833429727,2.94176877775663,168.550935268813
1.49881913945273,-1.68517439556756,2.93176877775663,167.977977473683
1.48904904061467,-1.68304265089146,2.92176877775662,167.405019678551
1.47930074736896,-1.68081331344167,2.91176877775663,166.832061883421
1.46957523453679,-1.67848660615008,2.90176877775662,166.25910408829
1.45987347466135,-1.67606276168546,2.89176877775662,165.686146293159
1.45019643791053,-1.67354202243026,2.88176877775662,165.113188498028
1.44054509197994,-1.6709246404563,2.87176877775662,164.540230702897
1.43092040199614,-1.66821087749958,2.86176877775662,163.967272907766
1.42132333042011,-1.66540100493415,2.85176877775662,163.394315112635
1.411754836951,-1.66249530374493,2.84176877775664,162.821357317506
1.40221587843019,-1.6594940644996,2.83176877775662,162.248399522374
1.39270740874558,-1.65639758731959,2.82176877775662,161.675441727243
1.38323037873622,-1.65320618185005,2.81176877775662,161.102483932112
1.3737857360972,-1.64992016722885,2.80176877775662,160.529526136982
1.36437442528493,-1.64653987205472,2.79176877775663,159.956568341851
1.35499738742264,-1.64306563435436,2.78176877775661,159.383610546719
1.3456555602063,-1.63949780154865,2.77176877775662,158.810652751589
1.33634987781085,-1.6358367304179,2.76176877775662,158.237694956458
1.32708127079677,-1.63208278706615,2.75176877775664,157.664737161328
1.31785066601705,-1.62823634688464,2.74176877775662,157.091779366196
1.30865898652446,-1.62429779451415,2.73176877775661,156.518821571065
1.29950715147931,-1.62026752380666,2.72176877775662,155.945863775935
1.29039607605745,-1.61614593778587,2.71176877775662,155.372905980804
1.28132667135886,-1.61193344860695,2.70176877775661,154.799948185673
1.27229984431643,-1.60763047751531,2.69176877775662,154.226990390542
1.26331649760535,-1.60323745480447,2.68176877775663,153.654032595412
1.2543775295528,-1.59875481977304,2.67176877775662,153.081074800281
1.24548383404814,-1.59418302068079,2.66176877775663,152.508117005151
1.23663630045351,-1.58952251470382,2.65176877775663,151.935159210019
1.2278358135149,-1.58477376788884,2.64176877775662,151.362201414888
1.21908325327367,-1.57993725510658,2.63176877775662,150.789243619758
1.21037949497854,-1.57501346000428,2.62176877775662,150.216285824626
1.20172540899809,-1.57000287495735,2.61176877775662,149.643328029496
1.19312186073372,-1.56490600102013,2.60176877775663,149.070370234365
1.18456971053307,-1.55972334787575,2.59176877775662,148.497412439234
1.17606981360404,-1.55445543378521,2.5817687777566,147.924454644102
1.16762301992923,-1.54910278553553,2.57176877775662,147.351496848973
1.15923017418099,-1.54366593838708,2.56176877775664,146.778539053843
1.15089211563688,-1.53814543602005,2.55176877775662,146.205581258711
1.14260967809582,-1.53254183048005,2.54176877775662,145.63262346358
1.13438368979465,-1.52685568212299,2.53176877775662,145.059665668449
1.12621497332535,-1.52108755955896,2.52176877775662,144.486707873318
1.11810434555277,-1.5152380395954,2.51176877775663,143.913750078188
1.11005261753292,-1.50930770717945,2.50176877775662,143.340792283057
1.10206059443188,-1.50329715533939,2.4917687777566,142.767834487925
1.09412907544532,-1.49720698512541,2.48176877775662,142.194876692795
1.08625885371852,-1.49103780554944,2.47176877775663,141.621918897665
1.0784507162671,-1.48479023352432,2.46176877775662,141.048961102533
1.07070544389829,-1.47846489380203,2.45176877775662,140.476003307403
1.06302381113288,-1.47206241891127,2.44176877775662,139.903045512272
1.05540658612773,-1.46558344909421,2.43176877775662,139.330087717141
1.04785453059902,-1.45902863224241,2.42176877775663,138.757129922011
1.04036839974598,-1.45239862383211,2.41176877775662,138.184172126879
1.03294894217548,-1.44569408685861,2.4017687777566,137.611214331748
1.02559689982708,-1.43891569177004,2.39176877775662,137.038256536618
1.01831300789889,-1.43206411640025,2.38176877775662,136.465298741487
1.01109799477404,-1.42514004590106,2.37176877775662,135.892340946356
1.00395258194782,-1.41814417267377,2.36176877775662,135.319383151226
0.996877483955574,-1.41107719629985,2.35176877775663,134.746425356095
0.989873408301191,-1.40393982347106,2.34176877775662,134.173467560964
0.982941055386404,-1.39673276791874,2.33176877775661,133.600509765832
0.976081118440726,-1.38945675034243,2.32176877775662,133.027551970702
0.969294283452138,-1.38211249833783,2.31176877775662,132.454594175571
0.962581229098481,-1.37470074632401,2.30176877775661,131.88163638044
0.955942626679598,-1.36722223547001,2.29176877775663,131.30867858531
0.949379140050197,-1.35967771362067,2.28176877775662,130.735720790179
0.942891425553472,-1.3520679352219,2.27176877775663,130.162762995048
0.936480131955466,-1.34439366124519,2.26176877775662,129.589805199917
0.930145900380196,-1.33665565911154,2.25176877775662,129.016847404786
0.923889364245542,-1.32885470261473,2.24176877775661,128.443889609655
0.917711149199904,-1.32099157184389,2.23176877775662,127.870931814524
0.911611873059636,-1.31306705310555,2.22176877775662,127.297974019394
0.905592145747271,-1.30508193884499,2.21176877775662,126.725016224263
0.899652569230524,-1.29703702756698,2.20176877775662,126.152058429132
0.893793737462095,-1.28893312375593,2.19176877775662,125.579100634001
0.888016236320281,-1.28077103779548,2.18176877775663,125.006142838871
0.882320643550379,-1.27255158588742,2.17176877775662,124.433185043739
0.876707528706921,-1.2642755899701,2.16176877775662,123.860227248609
0.871177453096715,-1.2559438776362,2.15176877775662,123.287269453478
0.865730969722713,-1.24755728205002,2.14176877775662,122.714311658347
0.860368623228712,-1.23911664186412,2.13176877775662,122.141353863216
0.855090949844895,-1.2306228011355,2.12176877775663,121.568396068086
0.849898477334201,-1.22207660924115,2.11176877775662,120.995438272955
0.844791724939554,-1.21347892079313,2.10176877775661,120.422480477824
0.839771203331939,-1.20483059555312,2.09176877775662,119.849522682693
0.834837414559332,-1.19613249834645,2.08176877775662,119.276564887562
0.829990851996498,-1.18738549897558,2.07176877775662,118.703607092431
0.825232000295656,-1.17859047213316,2.06176877775662,118.1306492973
0.82056133533801,-1.16974829731455,2.05176877775662,117.55769150217
0.815979324186164,-1.16085985872986,2.04176877775663,116.984733707039
0.811486425037414,-1.15192604521554,2.03176877775662,116.411775911908
0.807083087177931,-1.14294775014551,2.02176877775661,115.838818116776
0.802769750937831,-1.13392587134177,2.01176877775663,115.265860321647
0.798546847647144,-1.1248613109847,2.00176877775663,114.692902526516
0.794414799592681,-1.11575497552278,1.99176877775661,114.119944731384
0.790374019975804,-1.10660777558196,1.98176877775662,113.546986936254
0.786424912871105,-1.09742062587462,1.97176877775663,112.974029141124
0.782567873186007,-1.08819444510808,1.96176877775662,112.401071345993
0.778803286621261,-1.07893015589271,1.95176877775662,111.828113550861
0.775131529632389,-1.06962868464972,1.94176877775661,111.25515575573
0.771552969392028,-1.06029096151849,1.93176877775662,110.6821979606
0.768067963753222,-1.05091792026354,1.92176877775663,110.109240165469
0.764676861213628,-1.0415104981812,1.91176877775662,109.536282370338
0.761380000880676,-1.03206963600582,1.90176877775663,108.963324575208
0.758177712437652,-1.02259627781576,1.89176877775662,108.390366780076
0.755070316110732,-1.01309137093895,1.88176877775662,107.817408984946
0.752058122636958,-1.00355586585815,1.87176877775662,107.244451189815
0.749141433233168,-0.993990716115919,1.86176877775662,106.671493394684
0.746320539565871,-0.984396878219266,1.85176877775663,106.098535599554
0.743595723722083,-0.974775311543985,1.84176877775662,105.525577804423
0.740967258181119,-0.965126978238724,1.83176877775662,104.952620009291
0.738435405787342,-0.955452843128773,1.82176877775662,104.379662214161
0.736000419723881,-0.945753873619583,1.81176877775662,103.80670441903
0.733662543487315,-0.936031039600022,1.80176877775662,103.233746623899
0.731422010863316,-0.926285313345389,1.79176877775662,102.660788828768
0.729279045903283,-0.916517669420188,1.78176877775662,102.087831033638
0.727233862901924,-0.906729084580673,1.77176877775662,101.514873238507
0.725286666375836,-0.896920537677169,1.76176877775661,100.941915443375
0.723437651043047,-0.887093009556192,1.75176877775662,100.368957648245
0.721687001803552,-0.877247482962368,1.74176877775663,99.7959998531145
0.720034893720815,-0.86738494244015,1.73176877775662,99.2230420579833
0.718481492004267,-0.857506374235371,1.72176877775663,98.650084262853
0.717026951992785,-0.84761276619662,1.71176877775662,98.0771264677219
0.71567141913916,-0.837705107676456,1.70176877775661,97.5041686725905
0.714415028995545,-0.827784389432475,1.69176877775663,96.9312108774605
0.713257907199909,-0.817851603528233,1.68176877775662,96.3582530823293
0.712200169463468,-0.807907743234044,1.67176877775662,95.7852952871983
0.711241921559112,-0.797953802927649,1.66176877775662,95.2123374920678
0.710383259310835,-0.787990777994787,1.65176877775662,94.6393796969368
0.709624268584145,-0.778019664729648,1.64176877775662,94.0664219018059
0.708965025277482,-0.768041460235248,1.63176877775662,93.4934641066751
0.708405595314629,-0.758057162323722,1.62176877775662,92.9205063115442
0.707946034638114,-0.748067769416541,1.61176877775662,92.3475485164136
0.707586389203623,-0.738074280444671,1.60176877775662,91.7745907212827
0.7073266949754,-0.728077694748681,1.59176877775662,91.2016329261516
0.70716697792265,-0.718079011978811,1.58176877775662,90.628675131021
0.707107254016947,-0.708079231995003,1.57176877775662,90.0557173358901
0.70714752923063,-0.698079354766926,1.56176877775663,89.4827595407598
0.707287799536212,-0.688080380273969,1.55176877775662,88.9098017456288
0.70752805090678,-0.678083308405248,1.54176877775661,88.3368439504973
0.707868259317395,-0.668089138859618,1.53176877775662,87.7638861553671
0.708308390747502,-0.658098871045707,1.52176877775662,87.1909283602362
0.708848401184324,-0.64811350398197,1.51176877775662,86.6179705651052
0.709488236627267,-0.638134036196791,1.50176877775662,86.0450127699745
0.710227833093319,-0.628161465628635,1.49176877775662,85.4720549748437
0.711067116623451,-0.618196789526248,1.48176877775662,84.8990971797128
0.712006003290009,-0.608241004348935,1.47176877775662,84.3261393845819
0.713044399205109,-0.598295105666918,1.46176877775662,83.7531815894509
0.714182200530025,-0.588360088061777,1.45176877775662,83.1802237943203
0.715419293485571,-0.578436945026994,1.44176877775662,82.6072659991894
0.716755554363485,-0.568526668868601,1.43176877775662,82.0343082040587
0.718190849538791,-0.558630250605958,1.42176877775663,81.4613504089284
0.719725035483167,-0.548748679872641,1.41176877775662,80.8883926137972
0.721357958779299,-0.538882944817492,1.40176877775662,80.3154348186663
0.723089456136217,-0.529034032005794,1.39176877775662,79.7424770235356
0.724919354405628,-0.519202926320621,1.38176877775662,79.1695192284044
0.72684747059923,-0.509390610864348,1.37176877775662,78.5965614332738
0.728873611907011,-0.499598066860344,1.36176877775663,78.0236036381433
0.730997575716528,-0.48982627355485,1.35176877775661,77.4506458430116
0.733219149633171,-0.480076208119053,1.34176877775662,76.8776880478811
0.735538111501399,-0.47034884555137,1.33176877775663,76.3047302527511
0.737954229426958,-0.460645158579952,1.32176877775663,75.7317724576199
0.740467261800068,-0.450966117565413,1.31176877775662,75.1588146624886
0.743076957319586,-0.441312690403785,1.30176877775662,74.585856867358
0.745783055018135,-0.431685842429742,1.29176877775662,74.0128990722271
0.748585284288201,-0.422086536320057,1.28176877775662,73.4399412770965
0.751483364909192,-0.412515731997343,1.27176877775662,72.8669834819654
0.75447700707546,-0.402974386534057,1.26176877775661,72.2940256868343
0.757565911425284,-0.393463454056792,1.25176877775662,71.7210678917037
0.760749769070803,-0.383983885650871,1.24176877775663,71.1481100965733
0.764028261628904,-0.374536629265236,1.23176877775662,70.5751523014423
0.767401061253066,-0.365122629617653,1.22176877775661,70.002194506311
0.770867830666135,-0.355742828100241,1.21176877775662,69.4292367111808
0.77442822319406,-0.346398162685335,1.20176877775662,68.8562789160499
0.778081882800554,-0.33708956783169,1.19176877775662,68.283321120919
0.781828444122702,-0.327817974391033,1.18176877775662,67.7103633257883
0.785667532507494,-0.318584309514983,1.17176877775662,67.1374055306573
0.789598764049291,-0.309389496562331,1.16176877775662,66.5644477355264
0.793621745628214,-0.300234455006714,1.15176877775663,65.991489940396
0.797736074949457,-0.291120100344654,1.14176877775662,65.4185321452649
0.801941340583518,-0.282047344004025,1.13176877775661,64.8455743501335
0.806237122007337,-0.273017093252899,1.12176877775661,64.2726165550028
0.810622989646351,-0.264030251108826,1.11176877775663,63.6996587598729
0.815098504917452,-0.255087716248532,1.10176877775663,63.1267009647422
0.819663220272843,-0.24619038291805,1.09176877775662,62.5537431696105
0.824316679244792,-0.237339140843298,1.08176877775662,61.9807853744799
0.829058416491278,-0.22853487514111,1.07176877775662,61.4078275793489
0.833887957842529,-0.219778466230718,1.06176877775662,60.8348697842182
0.838804820348435,-0.211070789745716,1.05176877775662,60.2619119890875
0.843808512326842,-0.202412716446496,1.04176877775661,59.6889541939562
0.848898533412722,-0.193805112133173,1.03176877775662,59.1159963988258
0.854074374608208,-0.185248837559005,1.02176877775662,58.5430386036949
0.859335518333495,-0.17674474834432,1.01176877775662,57.9700808085642
0.864681438478592,-0.168293694890952,1.00176877775663,57.3971230134336
0.870111600455943,-0.159896522297203,0.991768777756624,56.8241652183027
0.875625461253872,-0.151554070273338,0.981768777756617,56.2512074231715
0.881222469490896,-0.143267173057605,0.971768777756616,55.6782496280405
0.886902065470855,-0.135036659332819,0.961768777756625,55.1052918329102
0.892663681238883,-0.126863352143496,0.951768777756627,54.5323340377795
0.898506740638206,-0.118748068813542,0.941768777756618,53.9593762426482
0.904430659367753,-0.110691620864529,0.931768777756616,53.3864184475173
0.910434845040587,-0.102694813934536,0.92176877775662,52.8134606523867
0.916518697243145,-0.0947584476975927,0.911768777756626,52.2405028572562
0.922681607595276,-0.0868833157837107,0.901768777756624,51.6675450621253
0.928922959811081,-0.0790702056995179,0.891768777756614,51.0945872669938
0.935242129760538,-0.0713198987495119,0.881768777756619,50.5216294718633
0.94163848553192,-0.0636331699579288,0.871768777756625,49.9486716767328
0.948111387494979,-0.0560107879912424,0.861768777756618,49.3757138816016
0.954660188364913,-0.0484535150812974,0.851768777756618,48.8027560864708
0.961284233267093,-0.040962106949087,0.841768777756625,48.2297982913404
0.967982859802549,-0.0335373127291801,0.83176877775662,47.6568404962093
0.974755398114207,-0.0261798748948145,0.82176877775662,47.0838827010785
0.981601170953883,-0.0188905291836408,0.811768777756626,46.510924905948
0.988519493749995,-0.0116700045241557,0.801768777756614,45.9379671108164
0.99550967467603,-0.00451902296280826,0.796768777756604,45.6514882132505
