-1,0,0,0
-0.99,0,0,0
-0.98,0,0,0
-0.97,0,0,0
-0.96,0,0,0
-0.95,0,0,0
-0.94,0,0,0
-0.93,0,0,0
-0.92,0,0,0
-0.91,0,0,0
-0.9,0,0,0
-0.89,0,0,0
-0.88,0,0,0
-0.87,0,0,0
-0.86,0,0,0
-0.85,0,0,0
-0.84,0,0,0
-0.83,0,0,0
-0.82,0,0,0
-0.81,0,0,0
-0.8,0,0,0
-0.79,0,0,0
-0.78,0,0,0
-0.77,0,0,0
-0.76,0,0,0
-0.75,0,0,0
-0.74,0,0,0
-0.73,0,0,0
-0.72,0,0,0
-0.71,0,0,0
-0.7,0,0,0
-0.69,0,0,0
-0.68,0,0,0
-0.67,0,0,0
-0.66,0,0,0
-0.65,0,0,0
-0.64,0,0,0
-0.63,0,0,0
-0.62,0,0,0
-0.61,0,0,0
-0.6,0,0,0
-0.59,0,0,0
-0.58,0,0,0
-0.57,0,0,0
-0.56,0,0,0
-0.55,0,0,0
-0.54,0,0,0
-0.53,0,0,0
-0.52,0,0,0
-0.51,0,0,0
-0.5,0,0,0
-0.49,0,0,0
-0.48,0,0,0
-0.47,0,0,0
-0.46,0,0,0
-0.45,0,0,0
-0.44,0,0,0
-0.43,0,0,0
-0.42,0,0,0
-0.41,0,0,0
-0.4,0,0,0
-0.39,0,0,0
-0.38,0,0,0
-0.37,0,0,0
-0.36,0,0,0
-0.35,0,0,0
-0.34,0,0,0
-0.33,0,0,0
-0.32,0,0,0
-0.31,0,0,0
-0.3,0,0,0
-0.29,0,0,0
-0.28,0,0,0
-0.27,0,0,0
-0.26,0,0,0
-0.25,0,0,0
-0.24,0,0,0
-0.23,0,0,0
-0.22,0,0,0
-0.21,0,0,0
-0.2,0,0,0
-0.19,0,0,0
-0.18,0,0,0
-0.17,0,0,0
-0.16,0,0,0
-0.15,0,0,0
-0.14,0,0,0
-0.13,0,0,0
-0.12,0,0,0
-0.11,0,0,0
-0.1,0,0,0
-0.09,0,0,0
-0.08,0,0,0
-0.07,0,0,0
-0.0599999999999999,0,0,0
-0.0499999999999999,0,0,0
-0.04,0,0,0
-0.03,0,0,0
-0.02,0,0,0
-0.01,0,0,0
0,0,0,0
0.01,0,0,0
0.02,0,0,0
0.03,0,0,0
0.04,0,0,0
0.0499999999999999,0,0,0
0.0599999999999999,0,0,0
0.07,0,0,0
0.08,0,0,0
0.09,0,0,0
0.1,0,0,0
0.11,0,0,0
0.12,0,0,0
0.13,0,0,0
0.14,0,0,0
0.15,0,0,0
0.16,0,0,0
0.17,0,0,0
0.18,0,0,0
0.19,0,0,0
0.2,0,0,0
0.21,0,0,0
0.22,0,0,0
0.23,0,0,0
0.24,0,0,0
0.25,0,0,0
0.26,0,0,0
0.27,0,0,0
0.28,0,0,0
0.29,0,0,0
0.3,0,0,0
0.31,0,0,0
0.32,0,0,0
0.33,0,0,0
0.34,0,0,0
0.35,0,0,0
0.36,0,0,0
0.37,0,0,0
0.38,0,0,0
0.39,0,0,0
0.4,0,0,0
0.41,0,0,0
0.42,0,0,0
0.43,0,0,0
0.44,0,0,0
0.45,0,0,0
0.46,0,0,0
0.47,0,0,0
0.48,0,0,0
0.49,0,0,0
0.5,0,0,0
0.51,0,0,0
0.52,0,0,0
0.53,0,0,0
0.54,0,0,0
0.55,0,0,0
0.56,0,0,0
0.57,0,0,0
0.58,0,0,0
0.59,0,0,0
0.6,0,0,0
0.61,0,0,0
0.62,0,0,0
0.63,0,0,0
0.64,0,0,0
0.65,0,0,0
0.66,0,0,0
0.67,0,0,0
0.68,0,0,0
0.69,0,0,0
0.7,0,0,0
0.71,0,0,0
0.72,0,0,0
0.73,0,0,0
0.74,0,0,0
0.75,0,0,0
0.76,0,0,0
0.77,0,0,0
0.78,0,0,0
0.79,0,0,0
0.8,0,0,0
0.81,0,0,0
0.82,0,0,0
0.83,0,0,0
0.84,0,0,0
0.85,0,0,0
0.86,0,0,0
0.87,0,0,0
0.88,0,0,0
0.89,0,0,0
0.9,0,0,0
0.91,0,0,0
0.92,0,0,0
0.93,0,0,0
0.94,0,0,0
0.95,0,0,0
0.96,0,0,0
0.97,0,0,0
0.98,0,0,0
0.99,0,0,0
1,0,0,0
1,0,2.50004166672458e-05,0.00143241836110171
1.0141415463781,3.53544551845268e-07,0.000175031671067551,0.0100285760332927
1.0282795575228,2.82814429334449e-06,0.00047524426613831,0.0272294906875172
1.04241049940263,9.54379390246188e-06,0.000925938676149248,0.0530523782312827
1.05653084038953,2.26183674791949e-05,0.00152756636745563,0.0875231057813381
1.07063705245936,4.4166559369882e-05,0.00228073070621205,0.130676243671842
1.08472561239113,7.62988263270786e-05,0.00318618817157233,0.182555134965599
1.09879300296428,0.000121120331449148,0.00424484987688631,0.243211982612213
1.11283571415376,0.000180729890343297,0.00545778340196572,0.312707954429188
1.12685024432229,0.000257218919954741,0.00682621494006807,0.391113306115048
1.14083310140948,0.000352670390503546,0.00835153176382112,0.478507522536398
1.15478080411724,0.000469157780969648,0.0100352850147705,0.574979477557232
1.16868988309104,0.000608744038564757,0.0118791928217858,0.680627612710431
1.18255688209675,0.000773480542628754,0.01388514375389,0.795560135030333
1.19637835919228,0.000965406073385827,0.0160552006135272,0.919895234390961
1.21015088789388,0.00118654578599404,0.0183916045765252,1.05376132070839
1.22387105833651,0.00143891019031978,0.0208967796852247,1.19729728137809
1.23753547842782,0.00172449413686598,0.0235733377013802,1.35065275932571
1.25114077499539,0.00204527580928125,0.0264240833253182,1.51398845204275
1.26468359492669,0.00240321572387281,0.0294520197878768,1.68747643198113
1.27816060630142,0.00280025573654569,0.0326603548210108,1.87130048864367
1.29156849951571,0.00323831805758504,0.036052507012728,2.06565649269512
1.30490398839784,0.00371930427469752,0.0396321125509463,2.27075278235668
1.31816381131497,0.00424509438472251,0.0434030323600006,2.48681057229777
1.33134473227054,0.00481754583442165,0.0473693596320154,2.71406438515186
1.3444435419918,0.00543849257075102,0.0515354277536298,2.95276250568436
1.35745705900723,0.00610974410101661,0.0559058186262289,3.20316745750678
1.3703821307133,0.00683308456330947,0.0604853713751852,3.46555650207951
1.38321563443017,0.00761027180761309,0.0652791914400776,3.74022215954298
1.39595447844605,0.00844303648797043,0.0702926600340068,4.02747275069651
1.40859560304967,0.00933308116609602,0.0755314439546883,4.32763295913256
1.42113598155055,0.0102820794268092,0.0810015057249159,4.64104441224245
1.43357262128671,0.0112916750056657,0.0867091140320415,4.96806627935456
1.44590256461932,0.0123634809291545,0.0926608544288181,5.30907588484738
1.45812288991408,0.0134990786678255,0.0988636402474098,5.66446933347628
1.47023071250879,0.0147000173027058,0.105324723667755,6.03466214454402
1.48222318566686,0.0159678127053599,0.112051706867479,6.42008989074363
1.49409750151632,0.0173039467319387,0.119052553165893,6.82120883666254
1.50585089197407,0.0187098664315641,0.12633559805605,7.23849657087283
1.51748062965493,0.0201869832693802,0.133909559998886,7.67245262439004
1.52898402876513,0.021736672364608,0.141783550829154,8.1235990668891
1.54035844598007,0.0233602717439216,0.149967085596233,8.5924810705413
1.55160128130577,0.0250590816104697,0.158470091631591,9.0796674295416
1.56270997892389,0.0268343636288509,0.167302916599504,9.58575102138079
1.57368202801993,0.0286873402263496,0.176476335247757,10.1113491936323
1.58451496359423,0.0306191939107317,0.186001554529982,10.6571040574404
1.59520636725561,0.032631066604891,0.195890216721184,11.2236826660268
1.60575386799722,0.0347240589986335,0.206154400091255,11.8117770532803
1.61615514295436,0.0368992299178763,0.216806616639712,12.4221041039663
1.626407918144,0.0391575957115332,0.227859806326172,13.055405223158
1.63650996918574,0.0415001296563518,0.239327327156605,13.7124457682202
1.64645912200381,0.0439277613799582,0.25122294040516,14.3940142020823
1.65625325351007,0.0464413763023582,0.263560790166305,15.1009209216624
1.66589029226754,0.0490418150961393,0.276355376341358,15.8339967101093
1.67536821913437,0.0517298731656055,0.289621520072273,16.5940907563047
1.68468506788788,0.0545063001450734,0.303374320542187,17.3820681797163
1.69383892582856,0.0573717994165479,0.317629101972496,18.1988069935545
1.70282793436377,0.0603270276469883,0.332401349563196,19.0451944344239
1.71165028957079,0.0633725943453694,0.347706633051849,19.922122582575
1.7203042427393,0.0665090614397313,0.363560516514277,20.8304831938643
1.72878810089274,0.0697369428744056,0.379978453004611,21.7711616630743
1.73710022728873,0.073056704227597,0.396975662643223,22.7450300388659
1.74523904189799,0.0764687623494912,0.414566992820409,23.7529390140397
1.75320302186192,0.0799734850210507,0.432766759304703,24.7957088217134
1.76099070192843,0.083571190633653,0.451588567241415,25.8741189792929
1.76860067486602,0.0872621478897159,0.471045111315881,26.98889683867
1.77603159185588,0.0910465755244483,0.491147954752887,28.1407049238228
1.78328216286189,0.0949246420488534,0.511907287343661,29.3301270667825
1.7903511569784,0.098896465514105,0.533331663349086,30.5576533905947
1.79723740275565,0.102962113297407,0.555427720930241,31.8236642338729
1.80393978850273,0.107121601909439,0.578199885708827,33.1284131660624
1.81045726256797,0.111374896823485,0.601650062153454,34.4720093051766
1.81678883359667,0.115721912326318,0.625777317705493,35.854399219542
1.82293357076609,0.120162511390938,0.650577565865186,37.2753487699695
1.82889060399755,0.124696505571201,0.67604325580729,38.7344253260408
1.83465912414574,0.129323654918434,0.70216307740984,40.2309808655015
1.84023838316497,0.134043667920043,0.728921691779192,41.7641365344835
1.84562769425244,0.138856201460194,0.756299498322095,43.3327693017175
1.85082643196852,0.143760860802571,0.784272450044528,44.9355013759361
1.85583403233385,0.148757199595246,0.812811928916186,46.5706930647849
1.86064999290339,0.153844719897667,0.841884692717258,48.2364397293671
1.86527387281736,0.159022872229781,0.871452903688952,49.9305734257976
1.86970529282903,0.164291055643273,0.901474247479488,51.6506697203066
1.87394393530937,0.169648617814909,0.931902148308647,53.39406001726
1.87798954422863,0.175094855161977,0.962686083025043,55.1578495533157
1.88184192511478,0.180629012979771,0.993771992928869,56.9389409931289
1.88550094498899,0.186250285601092,1.02510278807116,58.7340633235712
1.88896653227797,0.191957816577713,1.0566189344837,60.5398054995258
1.8922386767034,0.197750698883752,1.08825911072835,62.3526540613944
1.89531742914852,0.203627975140878,1.11996091659322,64.1690337403948
1.89820290150171,0.209588637865282,1.15166161399186,65.9853499089579
1.90089526647748,0.215631629736323,1.18329887837081,67.7980316332118
1.90339475741468,0.221755843886757,1.21481153835466,69.6035740515168
1.90570166805211,0.227960124214443,1.24614028200599,71.3985788401857
1.90781635228174,0.234243265715424,1.27722830989031,73.1797916313419
1.90973922387944,0.240604014838247,1.30802191796271,74.9441354098707
1.91147075621355,0.247041069859409,1.33847099689203,76.688739122581
1.91301148193126,0.253553081279778,1.3685294385207,78.4109609666442
1.91436199262309,0.260138652241853,1.39815544442202,80.1084060686196
1.91552293846539,0.266796338967703,1.42731173565919,81.7789385027636
1.91649502784135,0.273524651217427,1.45596566662909,83.4206878137982
1.91727902694027,0.28032205276795,1.48408924908148,85.0320503931082
1.9178757593357,0.287186961911998,1.51165909493583,86.6116862023888
1.91828610554223,0.29411775197704,1.53865628829931,88.1585114408149
1.9185110025514,0.301112751864019,1.56506619814666,89.6716878123891
1.91855144334682,0.308170246605656,1.59087824350905,91.1506090722543
1.91840847639868,0.315288477944122,1.61608562282453,92.5948855196164
1.91808320513792,0.322465644927855,1.64068501845786,94.0043270679788
1.91757678741024,0.329699904527288,1.66467628640589,95.3789254665686
1.9168904349102,0.336989372269272,1.68806214000211,96.7188361779426
1.91602541259569,0.344332122889917,1.71084783511109,98.0243603409594
1.91498303808284,0.351726191005639,1.73304086295778,99.295927171191
1.91376468102191,0.35916957180212,1.75465065543408,100.534077076236
1.91237176245414,0.36666022174094,1.77568830651187,101.739445693863
1.91080575414997,0.374196059283592,1.7961663123093,102.9127489989
1.90906817792892,0.381774965632611,1.8160983314116,104.054769570636
1.90716060496133,0.38939478548952,1.83549896625568,105.166344067076
1.90508465505227,0.397053327829304,1.85438356573846,106.248351915234
1.90284199590801,0.404748366691114,1.8727680486966,107.301705197266
1.90043434238519,0.412477641984885,1.89066874751538,108.327339689917
1.89786345572311,0.420238860313561,1.90810227084141,109.326206998541
1.89513114275948,0.428029695810603,1.92508538418218,110.29926771596
1.89223925512982,0.435847790992454,1.94163490705876,111.247485529743
1.88918968845095,0.443690757625624,1.95776762532173,112.171822198285
1.88598438148894,0.451556177608067,1.97350021723238,113.073233315566
1.88262531531165,0.459441603864489,1.98884919193877,113.952664786096
1.87911451242649,0.467344561255247,2.00383083902958,114.811049934553
1.87545403590354,0.475262547498482,2.01846118792155,115.649307178867
1.87164598848443,0.483193034105117,2.03275597592016,116.468338200222
1.86769251167749,0.49113346732636,2.04673062388368,117.269026548713
1.86359578483926,0.499081269113339,2.06040021851246,118.052236628597
1.85935802424304,0.507033838088482,2.07377950038093,118.818813012576
1.85498148213459,0.51498855052827,2.08688285691504,119.569580039435
1.8504684457756,0.522942761356976,2.09972431960803,120.305341654519
1.84582123647509,0.530893805150986,2.11231756484406,121.026881456916
1.84104220860936,0.538838997153321,2.12467591777568,121.734962921631
1.83613374863065,0.546775634297946,2.13681235876885,122.430329768849
1.83109827406517,0.554700996243474,2.14873953199135,123.11370645602
1.82593823250065,0.562612346415841,2.16046975577649,123.785798771653
1.82065610056401,0.570506933059557,2.17201503444502,124.447294512662
1.81525438288948,0.578381990297104,2.18338707131274,125.098864229649
1.80973561107758,0.586234739196061,2.19459728265093,125.741162026777
1.80410234264542,0.594062388843547,2.20565681240313,126.374826404978
1.79835715996875,0.601862137427538,2.21657654749201,127.000481138971
1.79250266921607,0.609631173324641,2.22736713357794,127.618736180168
1.78654149927543,0.617366676193889,2.23803899115391,128.230188578836
1.78047630067418,0.625065818076122,2.24860233188374,128.835423420214
1.77430974449217,0.632725764498523,2.25906717510707,129.435014770176
1.76804452126885,0.640343675583854,2.26944336445059,130.029526626989
1.76168333990471,0.647916707163979,2.27974058449938,130.619513876502
1.75522892655743,0.655442011897195,2.28996837749192,131.205523248708
1.74868402353331,0.662916740388961,2.300136160014,131.78809427423
1.7420513881743,0.670338042315551,2.31025323967344,132.367760239713
1.73533379174118,0.677703067550199,2.32032883174584,132.945049141558
1.72853401829322,0.685008967291284,2.330372075786,133.520484637678
1.72165486356491,0.692252895192102,2.34039205220534,134.094586997327
1.71469913384013,0.699432008491772,2.35039779881927,134.667874049183
1.70766964482416,0.706543469146835,2.36039832737033,135.240862128059
1.70056922051412,0.713584444963081,2.3704026400358,135.814067020719
1.69340069206815,0.720552110727159,2.38041974592995,136.38800491139
1.68616689667392,0.727443649337517,2.39045867760984,136.963193327468
1.67887067641675,0.73425625293422,2.4005285075958,137.540152086078
1.67151487714798,0.740987124027184,2.41063836491408,138.119404241895
1.66410234735392,0.747633476622396,2.4207974516694,138.701477036681
1.65663593702588,0.754192537345644,2.43101505965059,139.286902850723
1.64911849653165,0.760661546563322,2.44130058697134,139.876220156268
1.64155287548907,0.767037759499855,2.45166355474075,140.469974472686
1.63394192164191,0.773318447351302,2.46211362375495,141.06871932282
1.62628847973862,0.779500898394678,2.4726606111938,141.673017189643
1.6185953904145,0.785582419092563,2.48331450729766,142.283440471766
1.61086548907749,0.791560335192541,2.49408549199147,142.900572435921
1.6031016047982,0.79743199282104,2.50498395140997,143.525008163795
1.59530655920468,0.803194759571127,2.51602049426724,144.157355489932
1.58748316538209,0.808846025583811,2.52720596799627,144.79823592646
1.57963422677807,0.814383204622442,2.5385514745681,145.448285569464
1.57176253611391,0.819803735139744,2.55006838587928,146.108155980621
1.56387087430222,0.825105081337082,2.56176835857287,146.778515036382
1.55596200937136,0.830284734215507,2.57366334813194,147.460047735469
1.5480386953971,0.835340212618179,2.58576562205331,148.153456953675
1.54010367144197,0.840269064263729,2.59808777187549,148.859464133013
1.53215966050269,0.845068866770159,2.61064272379465,149.578809889971
1.52420936846612,0.849737228668849,2.62344374755916,150.312254525124
1.51625548307404,0.854271790408274,2.63650446328265,151.0605784135
1.5083006728974,0.858670225347022,2.64983884576132,151.824582251941
1.50034758632014,0.862930240735702,2.66346122581949,152.605087136198
1.49239885053326,0.867049578687363,2.67738628813964,153.402934436599
1.48445707053934,0.871026017136005,2.69162906496062,154.218985436988
1.47652482816805,0.874857370782818,2.70620492494801,155.054120697039
1.46860468110289,0.87854149202975,2.72112955645486,155.909239093169
1.46069916191969,0.882076271900025,2.73641894430426,156.785256488278
1.45281077713715,0.885459640945243,2.75208933912961,157.683103975074
1.44494200627978,0.888689570138694,2.76815721821937,158.603725632644
1.43709530095377,0.891764071754508,2.78463923671804,159.548075730475
1.42927308393589,0.894681200232301,2.80155216795313,160.51711530944
1.42147774827602,0.897439053026951,2.81891283158078,161.511808064851
1.41371165641355,0.900035771443166,2.83673800818769,162.533115453502
1.40597713930797,0.902469541454492,2.8550443389523,163.581990944685
1.39827649558406,0.904738594506441,2.8738482089721,164.659373335332
1.39061199069199,0.90684120830339,2.89316561291045,165.766179052149
1.3829858560826,0.908775707578954,2.91301200172271,166.903293369667
1.37540028839835,0.910540464849486,2.93340210939985,168.071560483384
1.36785744867998,0.912133901150426,2.95434975893621,169.271772392537
1.36035946158947,0.91355448675517,2.97586764709812,170.504656568249
1.35290841464946,0.914800741876177,2.99796710806411,171.770862411114
1.34550635749939,0.915871237348021,3.02065785663158,173.070946538023
1.33815530116873,0.916764595292108,3.04394771245697,174.405356982286
1.3308572173676,0.917479489762772,3.06784230771367,175.774416443668
1.32361403779498,0.918014647374502,3.09234478161722,177.178304785971
1.31642765346474,0.918368847910019,3.117455466459,178.617041048088
1.30929991404993,0.918540924908964,3.14317157108111,180.090465308452
1.30223262724539,0.918529766236939,3.16948686906957,181.59822081982
1.29522755814903,0.918334314634684,3.19639140027312,183.139736907561
1.28828642866198,0.917953568247132,3.22387119548441,184.714213195052
1.28141091690789,0.91738658113214,3.25190803515263,186.320605778926
1.27460265667145,0.91663246374868,3.2804792537052,187.957616017534
1.26786323685661,0.915690383424272,3.3095576013308,189.623682611695
1.26119420096442,0.914559564801472,3.33911117478744,191.31697764029
1.2545970465909,0.913239290263223,3.36910342785735,193.035407159284
1.24807322494498,0.911728900336883,3.3994932704023,194.776616877177
1.24162414038681,0.910027794076762,3.43023526256361,196.538003281845
1.23525114998654,0.908135429424999,3.46127990754071,198.316730415515
1.22895556310376,0.906051323550622,3.49257404268599,200.109752282851
1.22273864098775,0.903775053166652,3.52406132455168,201.913840642094
1.21660159639866,0.901306254825101,3.55568279926258,203.725617685008
1.21054559324985,0.898644625189733,3.58737754545596,205.541592874627
1.20457174627141,0.895789921286482,3.61908337333345,207.358202997976
1.19868112069501,0.892741960731392,3.65073756040283,209.171854320969
1.19287473196029,0.889500621935992,3.68227760250128,210.978965618875
1.18715354544276,0.886065844290001,3.71364195784982,212.776010807495
1.18151847620332,0.882437628321281,3.74477076227242,214.559559922198
1.17597038875967,0.878616035832956,3.77560649528216,216.326317281848
1.17051009687936,0.874601190017639,3.80609457936256,218.073155825095
1.16513836339493,0.870393275548689,3.83618389822299,219.797146804221
1.15985590004081,0.865992538648467,3.86582722381417,221.495584251328
1.1546633673124,0.86139928713354,3.89498154613599,223.166003874932
1.14956137434708,0.856613890436794,3.92360830406632,224.806196285483
1.14455047882735,0.85163677960645,3.95167351931067,226.41421467011
1.13963118690609,0.846468447281951,3.97914783892293,227.988377228886
1.13480395315388,0.841109447646726,4.00600649452849,229.52726483848
1.13006918052852,0.835560396357833,4.03222918832871,231.029714520697
1.12542722036662,0.829821970452486,4.05779991717654,232.494809362751
1.12087837239731,0.823894908231502,4.08270674653805,233.921865566218
1.11642288477807,0.817780009119689,4.10694154607653,235.310417297118
1.1120609541526,0.811478133503214,4.13049969803909,236.660199977701
1.10779272573071,0.804990202544012,4.15337978869892,237.971132607386
1.10361829339017,0.798317197971279,4.17558329194012,239.243299633512
1.09953769980052,0.791460161850132,4.1971142527666,240.47693281773
1.0955509365687,0.784420196327495,4.21797897717011,241.672393466755
1.09165794440643,0.777198463355316,4.23818573347416,242.830155320627
1.08785861331937,0.769796184391189,4.25774446903614,243.95078832094
1.08415278281781,0.762214640076509,4.27666654507501,245.034943417593
1.08054024214886,0.754455169892235,4.29496449141748,246.083338516773
1.07702073055006,0.746519171792431,4.31265178212919,247.096745625576
1.07359393752427,0.738408101815665,4.32974263231725,248.075979209642
1.07025950313567,0.730123473674442,4.34625181585032,249.021885749293
1.06701701832679,0.721666858322797,4.3621945033255,249.935334455718
1.06386602525642,0.713039883502212,4.3775861193079,250.817209091395
1.06080601765821,0.704244233266018,4.39244221765713,251.668400826837
1.05783644121981,0.695281647482456,4.4067783736234,252.489802058146
1.05495669398244,0.686153921316583,4.42061009132758,253.282301106012
1.05216612676065,0.676862904691199,4.43395272522246,254.046777715777
1.04946404358205,0.667410501727006,4.44682141415124,254.784099279263
1.04684970214691,0.657798670162205,4.45923102666964,255.495117701959
1.04432231430743,0.648029420751726,4.47119611636571,256.180666843039
1.0418810465663,0.638104816646344,4.48273088599329,256.841560460355
1.03952502059458,0.628026972751884,4.49384915932434,257.478590597698
1.03725331376848,0.617798055068766,4.50456435971745,258.09252635686
1.03506495972488,0.607420280012129,4.51488949449311,258.684113002409
1.03295894893541,0.596895913712801,4.52483714429556,259.254071352163
1.03093422929867,0.586227271299353,4.53441945670801,259.803097411373
1.02898970675054,0.575416716161528,4.543648143469,260.331862213226
1.02712424589219,0.56446665919531,4.55253448071291,260.841011832632
1.0253366706355,0.553379558029907,4.56108931172714,261.331167544194
1.02362576486576,0.542157916236962,4.56932305178159,261.802926098923
1.02199027312114,0.530804282522264,4.5772456946432,262.256860097482
1.02042890128889,0.519321249900283,4.58486682043979,262.693518440765
1.01894031731781,0.50771145485182,4.59219560458275,263.113426841119
1.01752315194662,0.49597757646511,4.59924082749948,263.517088379977
1.01617599944823,0.484122335560686,4.60601088496204,263.904984099642
1.01489741838916,0.472148493800348,4.6125137988301,264.277573618819
1.0136859324042,0.460058852780553,4.61875722805404,264.63529576304
1.01254003098567,0.447856253110597,4.62474847980886,264.978569202591
1.01145817028712,0.435543573475911,4.63049452064938,265.307793091663
1.01043877394108,0.423123729686847,4.63600198759676,265.623347703555
1.00948023389045,0.4105996737133,4.64127719908156,265.925595057673
1.00858091123335,0.397974392705535,4.64632616568171,266.214879534764
1.00773913708082,0.385250908001598,4.65115460060669,266.491528477619
1.00695321342726,0.372432274121679,4.65576792988764,266.755852774922
1.00622141403304,0.359521577749815,4.66017130224273,267.008147426493
1.00554198531906,0.346521936703314,4.66436959859359,267.248692088542
1.00491314727278,0.333436498890298,4.66836744121546,267.477751597934
1.00433309436537,0.320268441255755,4.67216920250759,267.695576474689
1.0037999964796,0.30702096871651,4.67577901337583,267.902403402279
1.00331199984808,0.293697313085513,4.67920077122232,268.098455685399
1.00286722800143,0.280300731985852,4.68243814753968,268.283943685079
1.00246378272604,0.266834507754912,4.68549459511046,268.459065231188
1.00209974503089,0.253301946339098,4.68837335481316,268.624006012385
1.00177317612319,0.239706376179529,4.69107746203899,268.778939943776
1.0014821183923,0.226051147089151,4.69360975272319,268.924029512481
1.00122459640158,0.212339629121671,4.69597286899693,269.059426101465
1.00099861788769,0.198575211432771,4.6981692644655,269.185270291955
1.00080217476705,0.184761301134011,4.70020120911893,269.301692144801
1.00063324414882,0.170901322139878,4.70207079388218,269.408811461177
1.00048978935424,0.15699871400841,4.70377993481075,269.506738022977
1.00036976094166,0.143056930775843,4.70533037693882,269.595571813295
1.000271097737,0.129079439785718,4.70672369778586,269.675403217338
1.00019172786905,0.115069720512915,4.70796131052797,269.746313204133
1.00012956980939,0.101031263383032,4.70904446683935,269.808373489328
1.00008253341627,0.0869675685875943,4.70997425940945,269.861646679417
1.00004852098213,0.0728821448955187,4.71075162414063,269.906186397656
1.00002542828431,0.0587785084613046,4.71137734203002,269.942037391884
1.00001114563851,0.044660181630402,4.71185204074016,269.969235624515
1.00000355895451,0.0305306917422062,4.71217619586124,269.987808344861
1.00000055079373,0.0163935699311528,4.71235013186697,269.997774143894
1.0000000014283,0.00225234992635114,4.71237402276723,269.999142991648
0.999999789900916,-0.0118894331497633,4.71224789245778,269.991916257248
0.999997795085394,-0.0260282439833201,4.71197161476827,269.976086711665
0.999991896747161,-0.0401605482709684,4.71154491320865,269.951638513187
0.999979976603443,-0.0542828139214537,4.71096736041325,269.918547175565
0.999959919382607,-0.0683915122563407,4.71023837728159,269.876779518784
0.999929613882244,-0.0824831192094401,4.70935723181397,269.826293602353
0.999886954025543,-0.0965541165244622,4.70832303763948,269.767038640958
0.999829839915511,-0.11060099295046,4.70713475223356,269.698954902341
0.999756178886598,-0.124620245434582,4.70579117482135,269.621973587173
0.999663886553288,-0.138608380311705,4.70429094396292,269.53601669069
0.999550887855201,-0.152561914490462,4.70263253481558,269.440996845841
0.999415118098295,-0.166477376635246,4.70081425606821,269.336817147638
0.999254523991695,-0.180351308343699,4.69883424654204,269.223370958393
0.999067064679746,-0.194180265319282,4.69669047145213,269.100541693516
0.998850712768829,-0.207960818538427,4.69438071832295,268.968202587497
0.998603455348536,-0.221689555411877,4.69190259255197,268.826216439717
0.998323295006743,-0.235363080939724,4.6892535126145,268.674435339707
0.998008250838179,-0.24897801885974,4.68643070490332,268.51270037148
0.997656359446059,-0.262531012788538,4.68343119819649,268.340841296557
0.997265675936355,-0.276018727355146,4.68025181774744,268.15867621536
0.996834274904288,-0.289437849326544,4.67688917899163,267.966011206625
0.996360251412634,-0.302785088724747,4.67333968086486,267.762639944572
0.995841721961417,-0.31605717993501,4.66959949872953,267.548343293607
0.995276825448595,-0.329250882804715,4.66566457690619,267.322888880415
0.994663724121325,-0.342362983732547,4.66153062080976,267.086030643398
0.994000604517404,-0.355390296747516,4.65719308869174,266.837508359533
0.993285678396505,-0.368329664577441,4.6526471829925,266.577047148902
0.992517183660789,-0.381177959706466,4.647887841311,266.304356957291
0.991693385264529,-0.393932085421225,4.6429097270033,266.019132017526
0.990812576112342,-0.40658897684524,4.63770721942611,265.721050290469
0.98987307794567,-0.419145601961176,4.63227440384703,265.409772886914
0.988873242217108,-0.431598962620546,4.62660506105024,265.084943472045
0.987811450952242,-0.443946095540508,4.62069265667454,264.746187654543
0.986686117598596,-0.456184073287343,4.61453033032943,264.393112362986
0.985495687861362,-0.468310005246268,4.60811088454708,264.025305212844
0.984238640525535,-0.480321038577205,4.60142677363976,263.642333868057
0.982913488264114,-0.492214359156143,4.59447009254839,263.243745402104
0.981518778432021,-0.503987192501737,4.58723256578477,262.829065664435
0.980053093845414,-0.515636804686799,4.57970553659018,262.397798659313
0.978515053546039,-0.527160503234326,4.57187995645647,261.94942594541
0.976903313550316,-0.53855563799774,4.56374637518214,261.483406066065
0.975216567582832,-0.549819602024989,4.55529493166644,260.999174021822
0.973453547793926,-0.560949832406207,4.54651534567879,260.496140798857
0.971613025461063,-0.571943811104586,4.53739691088038,259.973692969143
0.969693811673696,-0.582799065770169,4.52792848941826,259.431192380713
0.967694758001322,-0.593513170536256,4.51809850846301,258.867975959282
0.965614757144446,-0.604083746798102,4.50789495911428,258.283355645547
0.963452743568177,-0.614508463973643,4.49730539816228,257.676618496101
0.96120769411817,-0.624785040245952,4.48631695325827,257.047026979689
0.958878628618673,-0.634911243287137,4.47491633212215,256.393819504762
0.956464610452396,-0.644884890963433,4.46308983649433,255.716211218858
0.953964747121964,-0.654703852021205,4.45082338162293,255.013395125139
0.95137819079271,-0.664366046753613,4.43810252216792,254.284543566588
0.948704138816575,-0.673869447647698,4.42491248549448,253.528810133577
0.945941834236873,-0.683212080011635,4.41123821342139,252.745332055875
0.943090566273719,-0.692392022581932,4.39706441358079,251.933233145345
0.940149670789895,-0.701407408110345,4.3823756216297,251.091627360402
0.937118530736957,-0.710256423930291,4.36715627562828,250.219623067572
0.933996576581381,-0.718937312502559,4.35139080395405,249.316328078605
0.930783286710562,-0.727448371940107,4.33506372815351,248.380855543444
0.927478187818484,-0.735787956511758,4.31815978212649,247.412330778979
0.924080855270895,-0.743954477124619,4.30066404898925,246.409899110728
0.920590913449816,-0.751946401785029,4.28256211685086,245.372734798166
0.917008036077233,-0.759762256037896,4.26384025455449,244.300051103959
0.91333194651782,-0.76740062338423,4.24448560816236,243.191111551722
0.909562418060566,-0.774860145676757,4.22448641858331,242.04524239516
0.905699274179162,-0.782139523493452,4.20383226024385,240.861846292914
0.901742388771037,-0.78923751648886,4.18251430006775,239.640417146996
0.89769168637493,-0.796152943723089,4.16052557525163,238.380556018157
0.893547142366881,-0.802884683968359,4.13786128739412,237.081987978252
0.889308783134574,-0.809431675992987,4.11451910946717,235.744579698395
0.884976686229908,-0.815792918822738,4.09049950091569,234.368357502839
0.880550980499757,-0.821967471979423,4.06580602487742,232.953525544339
0.876031846194824,-0.827954455696687,4.04044566016931,231.500483679651
0.871419515056532,-0.833753051112911,4.01442909935927,230.00984454779
0.866714270381927,-0.839362500441156,3.98777102302035,228.482449283632
0.861916447066508,-0.844782107116119,3.96049033924989,226.919381241354
0.857026431624989,-0.850011235918029,3.93261037684629,225.321977062645
0.852044662189955,-0.85504931307348,3.90415902029396,223.691834410774
0.846971628488393,-0.859895826333148,3.87516877502912,222.03081571005
0.841807871796095,-0.864550325026397,3.84567675244214,220.341047286512
0.836553984869945,-0.869012420092753,3.81572456578458,218.624913403845
0.831210611858086,-0.873281784090258,3.78535813059927,216.885044828869
0.825778448188009,-0.87735815118071,3.75462736644125,215.124301741403
0.820258240432565,-0.881241317091811,3.72358580038221,213.345751016743
0.814650786153976,-0.884931139056249,3.69229007690974,211.552638144962
0.808956933725859,-0.888427535727767,3.66079938309477,209.748354295426
0.803177582133341,-0.891730487074239,3.62917480201694,207.936399270797
0.797313680751325,-0.894840034247844,3.5974786110989,206.120341304552
0.79136622910098,-0.897756279432372,3.56577354491537,204.303774823053
0.785336276584539,-0.900479385667759,3.53412204396867,202.490277403553
0.779224922198503,-0.903009576651927,3.50258551169091,200.683367203559
0.773033314225348,-0.905347136520014,3.4712236014815,198.886462111092
0.766762649903838,-0.907492409601109,3.44009355394875,197.102841771423
0.760414175078084,-0.909445800152593,3.40924960185001,195.335613492662
0.753989183825449,-0.911207772072214,3.37874245672665,193.5876828321
0.747489018063461,-0.912778848588003,3.34861888720652,191.861729434728
0.740915067135861,-0.914159611926197,3.31892139469068,190.160188451449
0.734268767377944,-0.915350702957297,3.28968798795949,188.485237624962
0.727551601661362,-0.916352820820405,3.26095205438631,186.838789910851
0.720765098918547,-0.91716672252603,3.23274232213225,185.222491311499
0.713910833646948,-0.917793222537507,3.20508290505582,183.637723449228
0.706990425393245,-0.918233192331223,3.17799342016811,182.085610295978
0.700005538217762,-0.918487559935831,3.15148916629232,180.567028409752
0.692957880139268,-0.918557309450654,3.12558135210291,179.08262000029
0.68584920256037,-0.918443480543472,3.10027736182535,177.632808152546
0.678681299673735,-0.918147167927914,3.07558104746134,176.21781356996
0.671456007849355,-0.917669520820668,3.0514930373468,174.837672253528
0.664175205003085,-0.917011742378745,3.02801105202814,173.492253600181
0.656840809946723,-0.916175089117018,3.0051302197513,172.181278478971
0.649454781719841,-0.915160870306296,2.98284338520498,170.90433692076
0.642019118903661,-0.913970447352169,2.96114140647478,169.660905132438
0.634535858917221,-0.912605233154894,2.94001343639183,168.450361617006
0.627007077296112,-0.911066691450579,2.91944718556752,167.272002244365
0.619434886954048,-0.90935633613394,2.89942916537111,166.125054172903
0.611821437427588,-0.907475730562918,2.87994490992611,165.00868856895
0.604168914104267,-0.90542648684543,2.86097917686987,163.922032109456
0.596479537434462,-0.903210265108562,2.84251612715733,162.864177283987
0.588755562127284,-0.900828772750491,2.82453948459523,161.834191535363
0.580999276330818,-0.898283763675462,2.80703267609462,160.831125295535
0.573213000797028,-0.895577037512107,2.78997895383305,159.854018984958
0.565399088031655,-0.892710438815464,2.77336150064593,158.90190905108
0.55755992142943,-0.88968585625298,2.7571635200317,157.97383312525
0.549697914394958,-0.886505221774867,2.74136831217015,157.068834378251
0.541815509449602,-0.883170509769135,2.72595933733053,156.185965153318
0.533915177324723,-0.879683736201641,2.71092026799684,155.324289952693
0.525999416041639,-0.876046957741523,2.69623503096654,154.482887849707
0.518070749978638,-0.872262270872354,2.68188784059693,153.660854393658
0.510131728925452,-0.868331810989401,2.66786322428465,152.857303069674
0.502184927125528,-0.864257751483332,2.65414604116954,152.07136637037
0.494232942306491,-0.860042302810771,2.64072149496216,151.302196530809
0.486278394699173,-0.855687711552051,2.62757514170405,150.548965973131
0.478323926045607,-0.851196259456566,2.61469289318298,149.810867502236
0.470372198596353,-0.84657026247611,2.60206101664495,149.087114289276
0.462425894097587,-0.841812069786582,2.5896661313688,148.376939675404
0.454487712768313,-0.836924062798461,2.57749520260018,147.679596824207
0.446560372268133,-0.831908654156457,2.56553553327857,146.994358247707
0.438646606655971,-0.826768286728736,2.55377475393373,146.320515227463
0.430749165340162,-0.821505432586125,2.5422008110767,145.65737714943
0.422870812020326,-0.816122591971722,2.53080195436451,145.004270768547
0.415014323621438,-0.810622292261311,2.51956672277759,144.360539416764
0.407182489220527,-0.805007086915016,2.50848393001124,143.725542166034
0.399378108966428,-0.799279554420613,2.49754264925309,143.098652956125
0.391603992993,-0.793442297228916,2.48673219748819,142.479259695366
0.383862960326268,-0.787497940681687,2.47604211945066,141.86676334115
0.376157837785897,-0.781449131932474,2.46546217131894,141.260576965735
0.368491458881452,-0.775298538860847,2.45498230423281,140.660124811842
0.360866662703878,-0.769048848980426,2.44459264769564,140.064841341671
0.353286292812632,-0.762702768341187,2.43428349291003,139.474170282109
0.345753196118926,-0.756263020426447,2.42404527608453,138.887563668268
0.338270221765515,-0.74973234504499,2.41386856173825,138.304480886916
0.330840220003476,-0.743113497218792,2.40374402602221,137.724387720857
0.323466041066425,-0.736409246066751,2.39366244006854,137.146755394914
0.316150534042637,-0.729622373684922,2.38361465337349,136.57105962384
0.308896545745489,-0.722755674023657,2.37359157721467,135.996779662201
0.301706919582707,-0.715811951762144,2.36358416809932,135.423397356031
0.294584494424848,-0.708794021180752,2.35358341123797,134.850396195939
0.287532103473477,-0.701704705031676,2.34358030403464,134.277260371171
0.280552573129491,-0.694546833408304,2.33356583958488,133.703473824116
0.273648721862049,-0.687323242613771,2.3235309901707,133.128519304634
0.266823359078536,-0.680036774029151,2.3134666907434,132.551877423694
0.260079283996052,-0.672690272981738,2.30336382238489,131.973025705775
0.253419284514838,-0.665286587613869,2.29321319574024,131.391437639623
0.246846136094123,-0.657828567752742,2.28300553441729,130.80658172712
0.240362600630822,-0.650319063781676,2.27273145835168,130.217920530164
0.233971425341536,-0.642760925513271,2.26238146714034,129.624909715757
0.227675341648321,-0.635157001064906,2.25194592335237,129.026997099782
0.221477064068646,-0.627510135737039,2.24141503583182,128.423621690328
0.21537928911001,-0.619823170894733,2.23077884301565,127.814212731874
0.209384694169644,-0.612098942852885,2.2200271962987,127.198188752177
0.203495936439752,-0.604340281765566,2.20914974348904,126.57495661433
0.197715651818727,-0.596550010519949,2.19813591240922,125.943910577187
0.192046453828779,-0.588730943635231,2.18697489471453,125.30443136821
0.186490932540415,-0.580885886167015,2.17565563001583,124.655885273783
0.181051653504194,-0.573017632617572,2.1641667904151,123.997623253158
0.175731156690204,-0.565128965852416,2.15249676558394,123.32898008352
0.170531955435674,-0.557222656023631,2.14063364854254,122.649273545178
0.165456535401151,-0.549301459500366,2.12856522232482,121.957803657538
0.160507353535664,-0.541368117806928,2.11627894775169,121.253851978558
0.155686837051295,-0.533425356568894,2.10376195257029,120.536680982479
0.150997382407564,-0.525475884467658,2.09100102226295,119.805533533208
0.146441354306048,-0.517522392203826,2.07798259287596,119.059632473444
0.142021084695631,-0.509567551469867,2.06469274627487,118.298180352825
0.137738871788798,-0.501614013932433,2.05111720829089,117.520359321724
0.133596979089368,-0.493664410224745,2.03724135029181,116.725331221254
0.129597634432047,-0.485721348949441,2.02305019478105,115.912237904073
0.125743029034221,-0.477787415692277,2.00852842570849,115.080201825152
0.122035316560337,-0.46986517204709,1.99366040426033,114.228326946463
0.118476612199284,-0.461957154652374,1.97843019098294,113.355700004584
0.115068991755132,-0.454065874239876,1.96282157518875,112.461392195536
0.111814490751596,-0.446193814695572,1.94681811268432,111.544461336436
0.108715103550605,-0.438343432133398,1.93040317295279,110.603954568857
0.105772782485327,-0.4305171539821,1.91355999700966,109.63891167372
0.102989437007997,-0.422717378085549,1.89627176722682,108.648369071911
0.100366932852905,-0.414946471816898,1.8785216904807,107.631364588325
0.0979070912148857,-0.407206771206903,1.86029309601776,106.586943059143
0.0956116879436455,-0.399500580086767,1.84156954943353,105.51416286235
0.0934824527542482,-0.39183016924583,1.82233498412373,104.412103449329
0.0915210684540951,-0.384197775604442,1.80257385146751,103.27987394973
0.0897291701867136,-0.376605601402336,1.78227129084068,102.116622912504
0.0881083446926573,-0.369055813402828,1.7614133202994,100.921549231281
0.0866601295878338,-0.361550542113134,1.73998704842581,99.693914282224
0.0853860126595473,-0.35409188102113,1.71798090735156,98.4330552753002
0.0842874311805529,-0.346681885848833,1.69538490637321,97.138399785367
0.0833657712414027,-0.339322573822905,1.67219090482542,95.8094813866588
0.0826223671013623,-0.332015922962456,1.64839290198406,94.4459562630086
0.0820585005581635,-0.324763871384421,1.62398734072738,93.047620606353
0.0816754003368609,-0.317568316626783,1.59897342051359,91.6144285490255
0.0814742414980378,-0.310431114989903,1.57335341394998,90.1465103018337
0.0814561448656179,-0.303354080896205,1.547132979894,88.6441900934249
0.0816221764745141,-0.296338986268464,1.52032146468537,87.1080034296195
0.0819733470383508,-0.289387559926946,1.49293218185794,85.5387131197176
0.0825106114374798,-0.282501487005605,1.46498265960853,83.9373234554191
0.0832348682275081,-0.275682408387597,1.43649484453164,82.3050918839643
0.084146959168542,-0.268931920160281,1.40749524977696,80.6435374969314
0.0852476687753508,-0.262251573089958,1.3780150359786,78.9544456671421
0.0865377238886388,-0.255642872116516,1.34809001413666,77.2398682137623
0.0880177932676073,-0.249107275868183,1.317760561182,75.5021185645193
0.0896884872039856,-0.242646196196571,1.28707144124751,73.7437615153024
0.0915503571576932,-0.236260997732184,1.25607152867394,71.9675973595623
0.0936038954142927,-0.229952997460554,1.22481343239047,70.1766403669058
0.0958495347643815,-0.223723464319163,1.1933530253639,68.37409182252
0.0982876482050661,-0.217573618815304,1.16174888706463,66.5633080828237
0.100918548663645,-0.211504632665014,1.13006167107057,64.7477643418447
0.103742488743632,-0.205517628453217,1.0983534137184,62.9310150198506
0.106759660493222,-0.199613679315194,1.06668680280971,61.1166518633
0.109970195196321,-0.193793808639508,1.03512442753968,59.3082609689192
0.113374163186222,-0.188058989792462,1.00372803184392,57.5093800036294
0.116971573682024,-0.182410145864224,0.972557793174398,55.7234568814502
0.120762374647868,-0.176848149436672,0.94167164732534,53.9538110788737
0.124746452675066,-0.171373822373065,0.911124677462998,52.2035986288482
0.128923632887177,-0.165987935629587,0.880968582173543,50.4757816421681
0.133293678868087,-0.16069120908885,0.851251233406097,48.7731029794751
0.13785629261313,-0.155484311415387,0.822016330958272,47.0980664547381
0.142611114503298,-0.150367859933189,0.793303155929493,45.4529227091686
0.147557723302542,-0.145342420525319,0.765146421627359,43.8396606687851
0.152695636178203,-0.140408507555628,0.737576216968777,42.2600043015364
0.158024308744565,-0.135566583812591,0.710618034624142,40.7154142298447
0.163543135129529,-0.130817060475266,0.684292874084592,39.2070936359242
0.169251448064408,-0.126160297101379,0.658617408508024,37.7359978213534
0.175148518996802,-0.121596601637526,0.633604203570851,36.3028467463576
0.181233558226546,-0.117126230451462,0.609261976539087,34.9081398734883
0.187505715064672,-0.112749388386466,0.585595884264495,33.552172668587
0.193964078015354,-0.108466228837728,0.562607829683886,32.2350541619017
0.200607674980762,-0.104276853850716,0.540296777538973,30.9567250375019
0.207435473488779,-0.10018131424148,0.518659071320766,29.7169757928546
0.214446380943484,-0.0961796097388109,0.497688744790316,28.5154645876486
0.22163924489834,-0.0922716891481876,0.477377822753194,27.3517344769023
0.22901285335197,-0.0884574505374386,0.457716607015685,26.2252297950468
0.236565935066443,-0.0847367414440159,0.438693944587619,25.1353115228166
0.244297159907943,-0.0811093591037867,0.42029747619263,24.0812715258379
0.252205139209698,-0.0775750507012363,0.402513863998399,23.0623456026111
0.26028842615707,-0.0741335136409598,0.38532899818141,22.077725319799
0.268545516194629,-0.0707843958403224,0.368728182502741,21.1265686449366
0.276974847455089,-0.0675272960431521,0.352696299507257,20.2080094116478
0.285574801209955,-0.0643617641543213,0.337217956278466,19.3211656707832
0.294343702341704,-0.0612873015950655,0.322277611907144,18.4651469938344
0.303279819837333,-0.0583033616788823,0.307859687974467,17.6390608031514
0.312381367303105,-0.0554093500078404,0.293948663427817,16.8420178079254
0.321646503500282,-0.0526046248891229,0.280529155253035,16.0731366263691
0.331073332901683,-0.0498884977716194,0.267585986331133,15.3315476736192
0.340659906268821,-0.0472602337023769,0.255104241823519,14.6163963923724
0.350404221249443,-0.0447190518027061,0.243069315362923,13.9268458994299
0.360304222995227,-0.0422641257637366,0.231466946248006,13.2620791167922
0.370357804799424,-0.0398945843612013,0.220283248750845,12.6213004508539
0.380562808754197,-0.0376095119892302,0.209504734554754,12.003737077996
0.390917026427415,-0.0354079492129176,0.199118329246747,11.4086398895349
0.401418199558657,-0.0332888933394255,0.189111383698498,10.8352841438031
0.412064020774161,-0.0312512990073743,0.179471681082898,10.2829698681679
0.422852134320445,-0.0292940787942673,0.17018744019069,9.75102204906165
0.433780136816337,-0.0274161038416869,0.161247315635925,9.23879064375236
0.444845578023123,-0.0256162044979941,0.152640395468277,8.7456504435401
0.456045961632534,-0.0238931709782526,0.144356196646315,8.27100081439444
0.467378746072262,-0.0222457540410976,0.136384658767491,7.81426533770914
0.478841345328714,-0.0206726656822573,0.128716136398787,7.37489137088074
0.490431129786691,-0.0191725798444305,0.121341390304833,6.95234954471658
0.502145427085671,-0.0177441331432181,0.114251577829375,6.54613321233366
0.513981522992382,-0.0163859256087953,0.107438242648531,6.15575786206325
0.525936662289327,-0.0150965214430142,0.100893304083015,5.78076050508682
0.53800804967893,-0.0138744497916067,0.0946090461269047,5.42069904683017
0.550192850702957,-0.0127182055311663,0.0885781063270652,5.07515164980189
0.562488192676873,-0.0116262500705686,0.0827934646246695,4.74371609425924
0.57489116563877,-0.0105970121664927,0.0772484322523657,4.42600914206282
0.587398823312514,-0.00962888875269752,0.0719366407640651,4.12166590812968
0.600008184084741,-0.00872024578269986,0.0668520312605364,3.83033924310538
0.612716231995342,-0.00786941908549757,0.0619888438620435,3.55169913019053
0.625519917741038,-0.00707471523397593,0.0573416074690941,3.28543209847493
0.638416159691699,-0.00633441242562882,0.0529051298436152,3.03124065463077
0.651401844918974,-0.00564676137522238,0.0486744880354516,2.7888427343914
0.664473830236901,-0.00500998621902374,0.0446450191731107,2.55797117489988
0.677628943254033,-0.00442228543021253,0.0408123116320815,2.33837320869095
0.690863983436745,-0.00388183274508883,0.0371721965900551,2.12980997984075
0.704175723183261,-0.00338677809968632,0.0337207399745578,1.93205608260024
0.717560908908037,-0.00293524857639491,0.0304542348055754,1.74489912265988
0.731016262136061,-0.00252534936019466,0.0273691939334625,1.56813930106246
0.744538480606653,-0.00215516470409677,0.0244623431703234,1.40158902066021
0.758124239386361,-0.00182275890338532,0.0217306148116873,1.24507251493416
0.771770191990514,-0.00152617727824875,0.0191711415440125,1.09842549891984
0.785472971513008,-0.001263447164388,0.0167812507328057,0.961494841940584
0.799229191763901,-0.00103257891118333,0.0145584590853739,0.834138261805813
0.813035448414359,-0.000831566887000312,0.0125004676819738,0.716224040116783
0.826888320148563,-0.000658390491211511,0.0106051573688062,0.607630758304662
0.840784369822079,-0.000511015172508303,0.00887058450626027,0.508247054022853
0.854720145626294,-0.000387393453074522,0.00729497706590654,0.417971397521174
0.868692182258455,-0.000285465958191178,0.00587673106990438,0.336711887638922
0.882697002096855,-0.000203162450839157,0.00461440736667861,0.264386067064761
0.896731116380747,-0.000138402870865473,0.00350672873722059,0.20092075653998
0.910791026394499,-8.90983782758231e-05,0.00255257732661217,0.146251907695664
0.924873224655566,-5.31524002152506e-05,0.00175099239592641,0.100324474246084
0.938974196105798,-2.8461681197009e-05,0.00110116839014049,0.0630923012882653
0.95309041930567,-1.29173361382642e-05,0.000602453318218025,0.0345180324875448
0.967218367630923,-4.40590576036154e-06,0.000254347442099532,0.0145730349622513
0.981354510471211,-8.10413910246749e-07,5.65022719126021e-05,0.00323734171349267
0.995495314430252,-1.14263590399351e-08,8.71986534357837e-06,0.000499611482109434
1.00963724452706,1.1188936710569e-07,0.000110952429691571,0.006357105948049
1.02377676539779,1.68070356882516e-06,0.000363302225791927,0.0208156842255863
1.03791034249768,6.81546381352607e-06,0.000766021773593826,0.0438898146420521
1.05203444330275,1.76348346788736e-05,0.001319514359835,0.0756026038254523
1.06614553851068,3.62546382451645e-05,0.00202433484885787,0.115985843160809
1.08024010324048,6.47867957814657e-05,0.00288119079826943,0.165080072712767
1.09431461823044,0.000105338271070163,0.00389094388172217,0.22293466274493
1.10836557103398,0.000160010015813686,0.00505461162172234,0.289607913002467
1.12238945721284,0.000230895917566407,0.00637336943593919,0.36516716995699
1.13638278152726,0.000320081750633749,0.00784855300104969,0.449688962244884
1.15034205912259,0.000429644130379297,0.00948166093865636,0.54325915455906
1.16426381671199,0.000561649471379211,0.0112743578283517,0.645973120284831
1.17814459375464,0.000718152949861869,0.0132284775534011,0.757935933193426
1.19198094362914,0.000901197470868989,0.0153460269848895,0.879262578528038
1.20576943480158,0.0011128126405721,0.0176291900105594,1.01007818383924
1.21950665198776,0.00135501374417664,0.0200803319147407,1.15051826993649
1.23318919730937,0.00162980072984381,0.0227020041159241,1.30072902233107
1.2468136914433,0.00193915719905711,0.0254969492685723,1.46086758354837
1.26037677476408,0.00228504940385874,0.0284681067356124,1.63110236667854
1.27387510847861,0.00266942525137745,0.0316186184378315,1.81161339052227
1.28730537575304,0.00309421331606791,0.0349518350857853,2.00259263665277
1.30066428283125,0.00356132186007582,0.0384713227993861,2.20424442869025
1.31394856014445,0.00407263786214376,0.0421808701189483,2.41678583400522
1.32715496341162,0.0046300260554642,0.0460844954107146,2.64044708802396
1.34028027473022,0.00523532797488827,0.0501864546676512,2.87547204118105
1.3533213036569,0.00589036101388923,0.0544912497047567,3.12211862847605
1.36627488827767,0.00659691749168098,0.0590036367450154,3.38065936141241
1.37913789626717,0.00735676373088295,0.0637286353894295,3.65138184194237
1.39190722593672,0.0081716391461234,0.068671537960271,3.93458929779595
1.40457980727055,0.00904325534396361,0.0738379192024022,4.23060113832562
1.41715260295009,0.00997329523452567,0.0792336463216188,4.53975352966101
1.42962260936563,0.0109634121551975,0.0848648893326641,4.86239998760645
1.44198685761526,0.0120152290067883,0.0907381316814533,5.19891198624958
1.45424241449044,0.0131303374024972,0.0968601810971139,5.54967957973746
1.46638638344805,0.0143102968300591,0.103238180618273,5.91511203403633
1.47841590556842,0.01555663382742,0.109879619725808,6.29563846479125
1.49032816049897,0.016870841172293,0.116792345499277,6.69170847654232
1.50212036738326,0.01825437708594,0.123984573697333,7.1037927975859
1.51378978577481,0.019708664451515,0.131464899642647,7.53238390363461
1.5253337165357,0.0212350900473032,0.139242308769448,7.97799662214685
1.53674950271932,0.0228350037951836,0.147326186665283,8.44116870767725
1.54803453043703,0.0245097180246313,0.155726328409595,8.92246137693801
1.55918622970852,0.026260506752579,0.16445294697687,9.42245979026335
1.57020207529532,0.0280886049794395,0.173516680434943,9.94177346404245
1.58107958751738,0.0299952080015947,0.1829285976246,10.4810365961364
1.59181633305221,0.0319814707406438,0.19270020195862,11.0409082835475
1.60240992571649,0.0340485070896978,0.202843432924163,11.6220726084996
1.61285802722962,0.0361973892770016,0.213370664811441,12.2252385655961
1.62315834795913,0.0384291472471562,0.224294702126274,12.8511397989795
1.63330864764753,0.0407447680602107,0.235628771070547,13.5005341141966
1.64330673612046,0.0431451953088788,0.247386506396879,14.1742027250273
1.65315047397571,0.0456313285541351,0.259581932859443,14.8729491906944
1.66283777325297,0.0482040227794334,0.272229440394715,15.5975979938254
1.6723665980841,0.0508640878637875,0.28534375207377,16.3489927042544
1.68173496532354,0.0536122880739387,0.298939883775663,17.1279936684768
1.69094094515868,0.056449341575835,0.313033094439549,17.9354751593063
1.69998266170006,0.0593759199656349,0.327638825667417,18.7723219153655
1.70885829355107,0.0623926478204421,0.342772629374388,19.6394249957544
1.71756607435692,0.0655001022689669,0.358450082123595,20.5376768717998
1.72610429333286,0.0686988125823061,0.374686684747583,21.4679656757853
1.73447129577116,0.0719892597850216,0.391497745857149,22.4311685265
1.742665483527,0.0753718762866926,0.408898247880402,23.4281438538412
1.75068531548281,0.0788470455341039,0.426902694374656,24.4597226504311
1.75852930799108,0.0824151016842297,0.445524937525014,25.526698588013
1.76619603529536,0.0860763292981572,0.464777985001413,26.6298169511757
1.7736841299294,0.0898309630560958,0.484673785705841,27.7697623615728
1.78099228309418,0.0936791874935963,0.505222994421948,28.9471452933391
1.78811924501277,0.0976211367591064,0.526434715990244,30.1624874154091
1.79506382526294,0.101656894392977,0.548316230388719,31.4162058397965
1.80182489308724,0.10578649312802,0.57087270100205,32.7085964066513
1.8084013776806,0.110009914711719,0.594106869412787,34.0398161970826
1.8147922684553,0.114327089750182,0.618018741228267,35.4098655323675
1.82099661528318,0.118737897573903,0.642605268740995,36.8185697917291
1.8270135287151,0.123242166125414,0.667860037561302,38.2655614577113
1.83284218017744,0.127839671868893,0.693772965696087,39.7502628746602
1.83848180214576,0.13253013972176,0.7203300247933,41.27187027721
1.84393168829536,0.137313243008325,0.747512994327032,42.8293397061256
1.84919119362892,0.142188603435505,0.775299260246554,44.4213754717424
1.85425973458095,0.147155791090656,0.803661669935861,46.0464218437606
1.85913678909922,0.152214324461514,0.832568455104605,47.702658633221
1.86382189670302,0.157363670478262,0.861983233357518,49.3880012824262
1.86831465851838,0.16260324457773,0.891865097598836,51.1001059874365
1.87261473729002,0.167932410789699,0.922168800090055,52.8363802438035
1.87672185737034,0.173350481845305,0.952845034939075,54.5939990320045
1.8806358046852,0.178856719307503,0.983840819152268,56.3699266501187
1.8843564266767,0.184450333723567,1.01509996831135,58.1609439681037
1.88788363222291,0.190130484799557,1.04656365867779,59.9636806340073
1.89121739153457,0.195896281596726,1.078171063369,61.7746515241757
1.89435773602897,0.201746782749776,1.10986004649541,63.5902965143802
1.89730475818082,0.207680996706907,1.14156789609533,65.4070224738911
1.90005861135048,0.213697881991567,1.17323207460957,67.2212462645058
1.90261950958934,0.219796347485819,1.20479096467533,69.0294374713917
1.90498772742269,0.225975252735215,1.23618458827902,70.8281596075049
1.90716359961001,0.232233408275085,1.26735527876128,72.6141086166473
1.9091475208829,0.238569575978099,1.29824828769477,74.3841476449965
1.91093994566063,0.244982469423006,1.32881231203618,76.1353372446943
1.91254138774366,0.251470754284381,1.35899993091661,77.8649604000921
1.91395241998497,0.258033048743272,1.38876794567335,79.5705420101364
1.91517367393966,0.264667923918562,1.41807762093698,81.2498627016416
1.91620583949271,0.271373904318916,1.44689482850588,82.9009670726917
1.91704966446517,0.278149468315114,1.47519009914783,84.5221666606561
1.91770595419903,0.284993048632625,1.5029385902232,86.1120380871312
1.9181755711208,0.291903032864199,1.53011997904653,87.6694169480121
1.91845943428401,0.298877764002329,1.55671829318808,89.1933880904862
1.91855851889096,0.305915540991334,1.58272168950508,90.6832729524564
1.91847385579376,0.313014619298889,1.60812219367515,92.1386146389058
1.91820653097497,0.320173211506764,1.63291541148469,93.5591613799407
1.91775768500798,0.327389487920564,1.6571002222368,94.9448489643593
1.91712851249748,0.334661577198209,1.68067846348951,96.2957826764811
1.91632026150007,0.341987566996946,1.70365461504483,97.6122191900535
1.91533423292546,0.349365504638617,1.72603548875991,98.894548795743
1.91417177991835,0.35679339779295,1.74782992942979,100.143278262976
1.9128343072213,0.364269215178583,1.76904853074459,101.359014565484
1.9113232705189,0.371790887281578,1.78970336919854,102.54244963542
1.90964017576343,0.379356307091124,1.80980775783606,103.694346254041
1.90778657848233,0.386963330852164,1.82937602088166,104.815525138955
1.90576408306783,0.394609778834631,1.8484232896043,105.906853248014
1.90357434204886,0.402293436119021,1.86696531921293,106.969233288195
1.90121905534573,0.41001205339797,1.88501832615362,108.003594393417
1.89869996950779,0.417763347793546,1.90259884486167,109.01088391704
1.89601887693437,0.425545003689923,1.91972360280408,109.992060272323
1.89317761507937,0.433354673581116,1.93640941250888,110.948086746166
1.8901780656398,0.441189978933452,1.95267307920316,111.879926207156
1.88702215372861,0.44904851106242,1.96853132266049,112.788536627751
1.88371184703212,0.456927832023591,1.9840007118746,113.674867341365
1.88024915495247,0.46482547551722,1.9990976112234,114.539855957786
1.87663612773531,0.472738947806205,2.01383813685432,115.384425864242
1.87287485558324,0.480665728647023,2.0282381221028,116.20948424403
1.86896746775523,0.488603272233298,2.04231309084488,117.01592054973
1.8649161316525,0.496549008151604,2.0560782377767,117.804605373301
1.8607230518911,0.504500342349147,2.06954841470742,118.576389660725
1.85639046936171,0.51245465811294,2.08273812204269,119.332104224049
1.85192066027692,0.520409317060085,2.09566150472219,120.072559508617
1.84731593520647,0.528361660138762,2.10833235195765,120.798545578064
1.84257863810076,0.536309008639551,2.12076410019372,121.51083228396
1.83771114530314,0.544248665216657,2.13296983878356,122.210169590997
1.83271586455117,0.55217791491868,2.14496231793752,122.897288032418
1.82759523396757,0.560094026228464,2.1567539585578,123.572899273495
1.82235172104094,0.567994252111672,2.16835686362761,124.237696764087
1.81698782159686,0.575875831073622,2.179782830868,124.892356463816
1.81150605875979,0.583735988224009,2.19104336641803,125.537537625889
1.80590898190607,0.591571936349057,2.20214969932973,126.173883627597
1.80019916560849,0.59938087699069,2.21311279670356,126.802022837508
1.79437920857299,0.607160001532303,2.22394337931641,127.422569510892
1.78845173256766,0.61490649229068,2.23465193762069,128.036124706397
1.78241938134471,0.622617523613646,2.24524874801404,128.643277218236
1.77628481955574,0.63029026298301,2.25574388929824,129.244604519215
1.77005073166067,0.637921872122349,2.26614725926274,129.840673710894
1.76371982083101,0.645509508109212,2.27646859134068,130.432042477913
1.7572948078476,0.653050324491291,2.28671747130006,131.019260044321
1.75077842999349,0.660541472406112,2.29690335393988,131.602868130199
1.74417343994236,0.667980101703807,2.30703557977269,132.183401907492
1.73748260464285,0.675363362072514,2.31712339168017,132.761390954312
1.73070870419929,0.68268840416596,2.32717595153558,133.33736020733
1.72385453074936,0.689952380732777,2.33720235679215,133.91183091222
1.71692288733894,0.697152447747097,2.3472116570391,134.485321572249
1.70991658679485,0.704285765539975,2.35721287053175,135.058348895387
1.70283845059567,0.711349499931198,2.36721500070312,135.631428740347
1.69569130774134,0.718340823361011,2.37722705266669,136.205077062125
1.68847799362176,0.725256916021317,2.38725804972017,136.779810857598
1.68120134888505,0.732094966985905,2.39731704986014,137.356149111739
1.67386421830575,0.738852175339237,2.40741316231684,137.934613744998
1.66646944965355,0.745525751303357,2.4175555641165,138.515730562245
1.65901989256293,0.752112917362464,2.42775351667642,139.100030203602
1.65151839740413,0.758610909384696,2.43801638243456,139.688049097253
1.643967814156,0.765016977740685,2.44835364151123,140.280330414079
1.63637099128109,0.771328388418422,2.45877490839575,140.877425023742
1.62873077460345,0.777542424133989,2.46928994864327,141.479892451335
1.62105000618966,0.783656385437723,2.47990869556161,142.088301833474
1.61333152323341,0.789667591815347,2.49064126685595,142.703232871962
1.60557815694414,0.79557338278364,2.50149798119153,143.32527678277
1.59779273144024,0.801371118980209,2.51248937461972,143.955037237174
1.58997806264715,0.807058183246903,2.52362621679999,144.593131291206
1.58213695720079,0.812631981706459,2.53491952693204,145.240190298505
1.57427221135693,0.818089944831936,2.54638058929427,145.896860800597
1.56638660990668,0.823429528508484,2.55802096826135,146.563805387344
1.55848292509871,0.828648215087079,2.56985252264878,147.241703518823
1.55056391556863,0.833743514429712,2.58188741920234,147.931252298218
1.54263232527577,0.838712964945705,2.59413814501798,148.633167183427
1.53469088244805,0.843554134618657,2.60661751863891,149.348182622872
1.52674229853511,0.848264622023648,2.61933869953509,150.077052598647
1.51878926717031,0.852842057334286,2.63231519562138,150.820551057259
1.51083446314184,0.857284103319165,2.64556086841878,151.579472205361
1.50288054137349,0.861588456327367,2.6590899354018,152.354630644238
1.49493013591543,0.865752847262574,2.67291696901185,153.146861313279
1.4869858589453,0.869775042545421,2.68705689174329,153.957019208432
1.47905029978025,0.873652845063681,2.70152496663195,154.785978837231
1.47112602389998,0.877384095109917,2.71633678239319,155.634633367276
1.46321557198153,0.880966671306188,2.73150823236744,156.503893419894
1.45532145894588,0.884398491515473,2.74705548634178,157.394685455642
1.44744617301697,0.887677513739413,2.76299495422036,158.307949692769
1.43959217479332,0.890801737002005,2.77934324042747,159.244637494708
1.43176189633283,0.89376920221892,2.79611708783634,160.205708157433
1.42395774025089,0.896577993052039,2.81333330994083,161.19212502318
1.4161820788323,0.899226236748915,2.83100870992184,162.204850843297
1.40843725315735,0.901712104966764,2.84915998521974,163.244842310647
1.4007255722423,0.904033814580694,2.86780361621415,164.313043681426
1.39304931219467,0.906189628475808,2.88695573764336,165.410379408042
1.38541071538373,0.908177856322868,2.90663199148264,166.537745709661
1.37781198962632,0.909996855337217,2.92684736015396,167.696001015829
1.37025530738853,0.911645031020612,2.9476159791771,168.885955232169
1.36274280500345,0.913120837885701,2.96895092870947,170.108357796499
1.35527658190528,0.914422780162815,2.99086400387343,171.363884519547
1.34785869988011,0.915549412488805,3.01336546435251,172.653123237878
1.3404911823337,0.916499340577627,3.03646376446054,173.976558347995
1.33317601357653,0.917271221872403,3.06016526576103,175.334554340637
1.32591513812635,0.917863766178681,3.08447393533095,176.727338512571
1.31871046002854,0.918275736278645,3.1093910339184,178.154983099344
1.31156384219452,0.918505948526001,3.13491479950727,179.617387144867
1.30447710575854,0.918553273421308,3.16104013313581,181.114258500154
1.29745202945293,0.918416636167505,3.18775829515865,182.645096420409
1.29049034900229,0.918095017205397,3.21505662141453,184.209175302642
1.28359375653658,0.917587452728889,3.2429182698682,185.805530169315
1.27676390002356,0.916893035179738,3.27132200912105,187.432944550893
1.2700023827207,0.916010913721622,3.30024206060965,189.089941444491
1.26331076264672,0.91494029469332,3.32964800621544,190.774778020294
1.25669055207309,0.913680442040817,3.35950477228307,192.485444705878
1.25014321703552,0.912230677728142,3.38977269961439,194.219669196572
1.24367017686581,0.910590382126768,3.42040770682733,195.974925815226
1.23727280374407,0.908758994383409,3.45136155157635,197.748450479049
1.23095242227155,0.906736012766042,3.48258219060291,199.537261328971
1.22471030906425,0.904520994988023,3.51401423558817,201.338184848093
1.21854769236743,0.902113558510139,3.54559949754079,203.147887052793
1.21246575169119,0.899513380820469,3.57727760824314,204.962909098985
1.20646561746722,0.896720199691926,3.60898670341409,206.77970642446
1.20054837072686,0.893733813417376,3.64066414901437,208.594690363111
1.1947150428006,0.890554081022204,3.67224728980151,210.404271033981
1.18896661503913,0.887180922454256,3.70367419802003,212.204900238048
1.18330401855595,0.883614318751044,3.73488440010597,213.993113095323
1.17772813399183,0.879854312184148,3.76581956048592,215.765567223654
1.17223979130091,0.875901006380741,3.79642410385957,217.519078392889
1.16683976955884,0.87175456642217,3.82664576057176,219.250651772391
1.16152879679272,0.867415218919545,3.85643602354284,220.957508111219
1.15630754983312,0.862883252066278,3.88575050942789,222.637104431028
1.15117665418808,0.858159015667574,3.91454922092181,224.287149055044
1.14613668393926,0.85324292114679,3.94279671112347,225.905611025436
1.14118816166005,0.848135441528695,3.97046215441051,227.490724164142
1.13633155835595,0.842837111399603,3.99751933117956,229.040986198549
1.13156729342698,0.837348526844374,4.02394653599036,230.555153498535
1.12689573465225,0.831670345360307,4.04972642009837,232.03223205426
1.12231719819663,0.825803285747933,4.07484578009003,233.471465365852
1.11783194863952,0.819748127978746,4.0992953044431,234.872319922386
1.11344019902574,0.813505713039896,4.12306928941352,236.234468923398
1.10914211093833,0.807076942755908,4.14616533482948,237.557774849175
1.10493779459353,0.800462779587464,4.16858402927037,238.842271422831
1.10082730895749,0.793664246407334,4.19032863283742,240.088145434409
1.09681066188502,0.786682426253499,4.21140476437911,241.29571882021
1.09288781028006,0.77951846205959,4.23182009870149,242.465431314231
1.08905866027786,0.772173556362685,4.25158407802743,243.597823915991
1.08532306744886,0.764648970988614,4.27070764081266,244.693523352838
1.08168083702401,0.756946026714847,4.28920297000585,245.753227656313
1.07813172414164,0.74906610291109,4.30708326196683,246.777692922139
1.07467543411549,0.741010637157727,4.3243625165296,247.767721281718
1.07131162272409,0.732781124842235,4.34105534811491,248.724150079679
1.06803989652103,0.724379118733717,4.35717681734133,249.647842225903
1.06485981316628,0.715806228535704,4.37274228224597,250.539677671098
1.06177088177821,0.707064120417392,4.38776726798811,251.400545941366
1.05877256330622,0.698154516523489,4.40226735375159,252.231339658192
1.05586427092377,0.689079194462823,4.41625807547726,253.032948965415
1.05304537044177,0.67983998677595,4.42975484302229,253.806256782814
1.05031518074197,0.670438780381893,4.44277287035381,254.552134806496
1.04767297423026,0.660877516004266,4.45532711742411,255.271440178589
1.04511797730964,0.651158187576977,4.4674322424385,255.965012752391
1.04264937087273,0.641282841629719,4.47910256330453,256.633672883578
1.04026629081348,0.631253576653492,4.49035202713885,257.27821968307
1.03796782855796,0.621072542446383,4.50119418679957,257.899429672436
1.03575303161396,0.61074193943986,4.51164218350512,258.498055788031
1.03362090413913,0.6002640180058,4.52170873469117,259.074826685244
1.03157040752751,0.589641077744547,4.53140612634595,259.630446299348
1.02960046101409,0.578875466754246,4.5407462091452,260.165593624048
1.02770994229718,0.567969580881724,4.54974039778798,260.680922673424
1.02589768817834,0.556925862955208,4.55839967300312,261.177062596893
1.0241624952196,0.545746801999163,4.56673458576344,261.654617920669
1.02250312041764,0.534434932431544,4.57475526330208,262.114168892469
1.02091828189465,0.522992833243769,4.58247141658047,262.556271909397
1.0194066596057,0.511423127163717,4.58989234890225,262.981460011487
1.01796689606202,0.499728479802059,4.59702696541286,263.390243425989
1.01659759707031,0.487911598782266,4.60388378325943,263.783110149488
1.01529733248731,0.475975232854602,4.61047094221949,264.160526556881
1.01406463698966,0.463922170994438,4.61679621563672,264.522938027954
1.01289801085857,0.451755241485245,4.62286702152566,264.870769583634
1.01179592077891,0.439477310986588,4.62869043373097,265.204426525363
1.01075680065256,0.427091283587506,4.63427319304447,265.524295072064
1.0097790524255,0.414600099845584,4.63962171820135,265.830742990172
1.00886104692837,0.402006735812161,4.6447421166891,266.124120212946
1.00800112473013,0.389314202043955,4.64964019531759,266.404759446082
1.00719759700451,0.376525542601549,4.65432147050627,266.672976757132
1.00644874640875,0.36364383403508,4.65879117825605,266.929072146851
1.00575282797444,0.350672184357537,4.66305428377917,267.173330100946
1.00510807000987,0.337613732006043,4.66711549076745,267.406020121103
1.00451267501372,0.324471644791521,4.67097925028488,267.627397234505
1.00396482059958,0.311249118837164,4.67464976927442,267.837702481229
1.00346266043092,0.297949377506061,4.67813101867321,268.037163379211
1.00300432516615,0.284575670318452,4.68142674113279,268.225994366592
1.00258792341334,0.271131271858981,4.68454045834418,268.404397221401
1.00221154269424,0.257619480674371,4.68747547796889,268.572561458686
1.00187325041713,0.244043618161956,4.6902349001793,268.730664705237
1.00157109485816,0.230407027449476,4.69282162381205,268.87887305216
1.0013031061507,0.216713072266573,4.69523835214033,269.0173413856
1.00106729728233,0.202965135808409,4.69748759827029,269.146213695933
1.00086166509906,0.189166619591869,4.69957169016818,269.265623365799
1.00068419131629,0.175320942304724,4.70149277532455,269.375693437345
1.00053284353613,0.161431538648265,4.70325282506203,269.476536859036
1.00040557627073,0.147501858173803,4.70485363849366,269.568256712456
1.00030033197099,0.133535364113495,4.70629684613739,269.650946419402
1.00021504206041,0.11953553220594,4.70758391319368,269.724689929679
1.00014762797359,0.105505849516996,4.70871614249151,269.789561889885
1.00009600219884,0.0914498132562744,4.70969467710819,269.845627793528
1.00005806932466,0.0773709295897249,4.71052050266833,269.892944112738
1.00003172708944,0.0632727124488532,4.71119444932588,269.931558411833
1.00001486743409,0.0491586823369105,4.71171719343356,269.961509442969
1.00000537755709,0.0350323651326086,4.71208925890292,269.982827224065
1.00000114097157,0.0208972908917663,4.71231101825763,269.995533099158
1.00000003856384,0.00675699264736029,4.71238269338258,269.999639781314
0.999999949653135,-0.00738499479156184,4.71230435596986,269.995151378187
0.999998753051953,-0.02152513604165,4.71207592766294,269.982063400279
0.999994328126623,-0.0356598963472275,4.71169717989909,269.96036275191
0.999984555857641,-0.0497857427820514,4.71116773344991,269.930027704894
0.999967319899325,-0.0638991454503491,4.71048705765893,269.891027854854
0.999940507638348,-0.0779965786867083,4.70965446937455,269.843324060087
0.999902011250709,-0.092074522254347,4.70866913157643,269.78686836286
0.999849728756683,-0.106129462541308,4.70753005169222,269.721603892966
0.999781565073322,-0.120157893754122,4.70623607960148,269.647464753359
0.999695433064059,-0.134156319108479,4.70478590532267,269.564375887625
0.999589254584972,-0.14812125201646,4.70317805637887,269.472252929051
0.999460961527271,-0.162049217269858,4.70141089483717,269.371002030994
0.999308496855573,-0.175936752219175,4.69948261401633,269.260519678243
0.999129815641519,-0.18978040794779,4.69739123485699,269.140692479051
0.998922886092311,-0.203576750440893,4.69513460194806,269.01139693746
0.99868569057372,-0.217322361748725,4.69271037920331,268.872499205586
0.99841622662716,-0.231013841143665,4.69011604518099,268.72385481546
0.99811250798037,-0.244647806270757,4.68734888804066,268.565308390069
0.997772565551302,-0.258220894291183,4.68440600013,268.396693333208
0.997394448444782,-0.271729763018328,4.68128427219595,268.217831497799
0.996976224941531,-0.285171092045893,4.67798038721404,268.028532832339
0.996515983479113,-0.298541583867743,4.67449081383082,267.82859500518
0.996011833624426,-0.311837964988972,4.6708117994154,267.617803006408
0.995461907037295,-0.325056987027808,4.66693936271692,267.395928727154
0.994864358424784,-0.338195427807927,4.66286928612657,267.162730516231
0.994217366485811,-0.351250092440754,4.6585971075451,266.917952714187
0.993519134845673,-0.364217814397348,4.65411811185861,266.661325164894
0.992767892980087,-0.377095456569452,4.64942732202914,266.392562705082
0.991961897128358,-0.389879912319326,4.64451948980988,266.111364632361
0.991099431195279,-0.402568106517927,4.63938908609979,265.817414152574
0.990178807641393,-0.41515699657108,4.63403029095712,265.510377807624
0.98919836836124,-0.42764357343322,4.62843698329864,265.189904885275
0.988156485549207,-0.440024862608341,4.62260273031835,264.855626812893
0.987051562552621,-0.452297925137761,4.61652077666867,264.507156537572
0.985882034711733,-0.464459858574322,4.61018403345763,264.144087895721
0.984646370186212,-0.476507797942681,4.603585067128,263.765994975884
0.983343070767832,-0.488438916685286,4.59671608829843,263.372431479385
0.981970672678973,-0.500250427593732,4.58956894066345,262.962930084344
0.98052774735662,-0.511939583725092,4.58213509006853,262.537001819724
0.97901290222152,-0.523503679302909,4.57440561389827,262.094135457321
0.977424781432165,-0.534940050602503,4.56637119094163,261.633796931083
0.975762066623284,-0.54624607682025,4.55802209192691,261.155428794803
0.974023477628531,-0.557419180926508,4.54934817095238,260.658449731132
0.972207773187056,-0.568456830501871,4.54033885807641,260.142254127026
0.970313751633654,-0.579356538556454,4.53098315337314,259.606211733158
0.968340251572214,-0.590115864331837,4.52126962280736,259.049667427567
0.96628615253215,-0.600732414085464,4.51118639633623,258.471941106897
0.964150375607561,-0.611203841857116,4.50072116870418,257.872327731937
0.961931884078831,-0.621527850217211,4.48986120346306,257.250097557962
0.959629684016397,-0.63170219099665,4.47859334082095,256.604496584436
0.957242824866441,-0.641724665997926,4.46690401000096,255.934747263118
0.954770400018231,-0.651593127687238,4.45477924687421,255.24004950836
0.952211547352892,-0.661305479867335,4.44220471771854,254.519582058376
0.949565449773339,-0.670859678330877,4.42916575004712,253.772504241596
0.946831335715167,-0.68025373149402,4.41564737154239,252.997958207414
0.944008479638262,-0.689485701010035,4.4016343582233,252.19507168597
0.941096202498919,-0.698553702362705,4.38711129306119,251.362961346587
0.938093872202267,-0.707455905439291,4.3720626363356,250.50073682887
0.93500090403479,-0.716190535082862,4.35647280908615,249.607505524139
0.931816761076765,-0.724755871623769,4.34032629105324,248.682378187021
0.92854095459443,-0.733150251390094,4.32360773451075,247.724475457586
0.925173044411701,-0.741372067196848,4.30630209535696,246.732935372297
0.921712639261283,-0.749419768813799,4.28839478274213,245.706921937046
0.918159397115006,-0.75729186341169,4.26987182835093,244.645634826317
0.914513025493251,-0.764986915986746,4.25072007621592,243.5483202587
0.9107732817533,-0.772503549763284,4.23092739359523,242.414283079292
0.906939973356512,-0.77984044657429,4.2104829029871,241.242900053152
0.903012958114165,-0.786996347219832,4.1893772347647,240.033634340205
0.898992144411884,-0.793970051803175,4.16760279918231,238.786051080054
0.894877491412508,-0.800760420044501,4.14515407562281,237.499833964639
0.890669009237347,-0.807366371572077,4.12202791593031,236.174802617913
0.886366759125692,-0.813786886190837,4.09822385750942,234.810930535113
0.881970853572532,-0.820021004128233,4.07374444060354,233.408363261465
0.877481456444391,-0.826067826257298,4.04859552282815,231.967436413614
0.872898783073222,-0.831926514296841,4.02278658269459,230.488693070255
0.86822310032832,-0.837596290988714,3.99633100259291,228.972899985859
0.863454726666183,-0.843076440252097,3.96924632060954,227.421062018757
0.858594032158312,-0.848366307314734,3.9415544397508,225.834434118772
0.853641438496907,-0.853465298821129,3.91328178274225,224.214530196562
0.848597418978445,-0.858372882917618,3.88445938070794,222.563128204566
0.843462498465134,-0.863088589314342,3.85512288479424,220.882270803009
0.838237253324245,-0.867612009324088,3.82531249128057,219.174261069051
0.832922311345321,-0.871942795878009,3.79507277293594,217.44165283424
0.827518351635293,-0.876080663518219,3.76445241231591,215.687235403543
0.822026104491527,-0.880025388367302,3.73350383625318,213.914012613209
0.816446351252831,-0.883776808074733,3.70228275481344,212.125176414878
0.810779924128484,-0.887334821740268,3.67084761223245,210.324075416595
0.805027706005317,-0.890699389814348,3.63925896154868,208.514179051902
0.799190630232934,-0.893870533975553,3.60757877848358,206.69903826807
0.793269680387128,-0.896848336985192,3.57586973330335,204.882243806853
0.787265890011579,-0.899632942519074,3.54419444166131,203.067383280919
0.781180342337929,-0.902224554976574,3.51261471656643,201.257998314798
0.775014169984319,-0.904623439267052,3.48119084356384,199.457543015795
0.768768554632513,-0.906829920573741,3.44998089993967,197.669344967289
0.7624447266837,-0.908844384095212,3.41904013639808,195.896569801443
0.756043964893139,-0.910667274764523,3.38842043639164,194.142190221117
0.74956759598373,-0.912299096946182,3.35816986440077,192.408960118184
0.7430169942387,-0.913740414111063,3.32833231023842,190.699394193689
0.736393581073518,-0.914991848489405,3.29894723222423,189.015753242813
0.729698824587225,-0.916054080702055,3.27004949809061,187.360035039465
0.722934239093329,-0.916927849370118,3.24166931898289,185.733970554767
0.716101384630447,-0.91761395070316,3.21383226904987,184.13902507951
0.709201866452887,-0.918113238066172,3.18655938098031,182.576403697992
0.702237334501338,-0.918426621525456,3.15986730644008,181.047060480388
0.695209482853896,-0.918555067373632,3.13376852967002,179.55171072101
0.688120049157617,-0.918499597633972,3.10827162243469,178.090845545789
0.680970814040825,-0.918261289544262,3.08338152895491,176.664748237711
0.673763600506382,-0.917841275020424,3.0590998703019,175.273511677316
0.666500273306174,-0.917240740100099,3.0354252588424,173.917056359075
0.659182738297042,-0.916460924366448,3.01235361460548,172.595148517872
0.651812941778387,-0.915503120352398,2.98987847678342,171.307417976693
0.644392869811756,-0.914368672925586,2.96799130491141,170.05337540295
0.636924547522607,-0.913058978654252,2.94668176553136,168.832428733105
0.629410038384566,-0.911575485154356,2.925938001292,167.643898590975
0.621851443486444,-0.909919690418169,2.90574688045242,166.487032583229
0.614250900782287,-0.908093142124642,2.88609422561758,165.361018404965
0.606610584324765,-0.906097436931812,2.86696502125562,164.264995729581
0.598932703482177,-0.90393421975156,2.84834360011859,163.198066889894
0.591219502139409,-0.901605183006997,2.83021380913875,162.159306383295
0.583473257883118,-0.899112065872809,2.81255915570138,161.147769252567
0.575696281171487,-0.896456653498843,2.79536293543081,160.162498407487
0.567890914488867,-0.893640776217286,2.77860834277552,159.202530960877
0.560059531485635,-0.890666308733733,2.76227856576228,158.266903657629
0.552204536103603,-0.887535169302489,2.74635686631858,157.354657476829
0.544328361687323,-0.88424931888645,2.73082664755057,156.464841486507
0.536433470081636,-0.880810760301881,2.71567150932225,155.596516028087
0.528522350715818,-0.877221537348469,2.70087529341641,154.748755303918
0.520597519674686,-0.873483733924993,2.68642211947845,153.920649436705
0.512661518757021,-0.869599473130959,2.6722964128582,153.111306064724
0.504716914521679,-0.86557091635459,2.65848292536945,152.319851531262
0.496766297321787,-0.861400262347528,2.64496674989782,151.545431721579
0.488812280327361,-0.857089746286621,2.63173332969219,150.787212595274
0.48085749853678,-0.852641638823189,2.61876846309086,150.044380457067
0.472904607777464,-0.848058245120145,2.60605830434818,149.31614200417
0.46495628369618,-0.843341903877356,2.59358936115139,148.601724184006
0.457015220739359,-0.838494986345662,2.58134848934578,147.900373891984
0.449084131123828,-0.833519895329927,2.56932288532115,147.211357535277
0.441165743798373,-0.82841906418154,2.5575000764539,146.533960485194
0.433262803396529,-0.823194955780766,2.54586790994504,145.867486437643
0.425378069181028,-0.81785006150937,2.53441454034781,145.211256698518
0.417514313980309,-0.812386900213912,2.52312841603595,144.564609408389
0.409674323117523,-0.806808017160154,2.51199826482565,143.926898718696
0.401860893332441,-0.801115982978971,2.50101307893174,143.297493929808
0.394076831696721,-0.795313392604226,2.49016209940937,142.675778599593
0.386324954522924,-0.789402864203006,2.47943480020675,142.061149629709
0.378608086267755,-0.783387038098675,2.46882087193263,141.453016335548
0.370929058429935,-0.777268575687154,2.45831020542269,140.850799504659
0.363290708443153,-0.771050158346891,2.44789287517237,140.253930447522
0.355695878564537,-0.764734486342934,2.43755912268908,139.661850043696
0.348147414759089,-0.758324277725561,2.42729933980497,139.074007785716
0.340648165580523,-0.751822267223917,2.41710405197953,138.489860822397
0.333200981048951,-0.745231205135077,2.40696390161428,137.90887300284
0.325808711525878,-0.738553856209016,2.39686963139214,137.330513921847
0.318474206586929,-0.731792998529893,2.38681206764941,136.754257967205
0.311200313892782,-0.724951422394141,2.37678210378219,136.179583368944
0.303989878058751,-0.718031929185776,2.36677068368548,135.605971250471
0.296845739523455,-0.711037330249398,2.35676878521941,135.032904681246
0.289770733417049,-0.703970445761327,2.3467674036952,134.459867730609
0.282767688429452,-0.696834103599325,2.33675753537179,133.886344522196
0.275839425679029,-0.689631138211366,2.32673016095287,133.311818288394
0.268988757582183,-0.682364389483886,2.31667622907458,132.735770424256
0.262218486724306,-0.675036701609995,2.30658663977444,132.157679540338
0.255531404732542,-0.667650921958071,2.29645222793399,131.577020514033
0.248930291150809,-0.660209899941219,2.28626374668889,130.99326353904
0.242417912317542,-0.652716485888016,2.27601185080508,130.40587317289
0.235997020246595,-0.645173529915021,2.26568708002155,129.814307382554
0.229670351511758,-0.63758388080148,2.25527984236718,129.218016588569
0.223440626135333,-0.629950384866679,2.24478039746407,128.61644270839
0.217310546481222,-0.622275884850405,2.23417883983749,128.009018200123
0.211282796152953,-0.614563218796938,2.22346508226199,127.395165108321
0.205360038897117,-0.606815218943036,2.21262883918224,126.774294114073
0.199544917512629,-0.599034710610352,2.2016596102612,126.145803592385
0.193840052766268,-0.591224511102724,2.1905466641204,125.509078680561
0.188248042314925,-0.583387428608762,2.17927902235513,124.863490362345
0.182771459634996,-0.575526261110198,2.16784544392541,124.20839457359
0.177412852959352,-0.567643795296396,2.15623441004595,123.543131336514
0.172174744222312,-0.559742805485486,2.14443410972313,122.86702393103
0.16705962801305,-0.551826052552532,2.13243242611581,122.179378113279
0.162069970537848,-0.543896282865151,2.12021692392914,121.479481393349
0.157208208591624,-0.535956227227033,2.10777483808828,120.766602386329
0.152476748539148,-0.528008599829754,2.09509306397969,120.039990253168
0.147877965306357,-0.520056097213303,2.08215814959522,119.298874250575
0.143414201382175,-0.512101397235748,2.06895628996698,118.542463412153
0.139087765831246,-0.504147158052429,2.05547332433839,117.769946386315
0.134900933317977,-0.496196017105094,2.04169473658211,116.980491460229
0.130855943142286,-0.488250590121366,2.02760565944578,116.173246803083
0.126954998287456,-0.480313470124962,2.013190883283,115.34734096633
0.123200264480464,-0.472387226457005,1.99843487000914,114.501883683299
0.119593869265176,-0.464474403808874,1.98332177310945,113.635967015574
0.116137901088794,-0.456577521266925,1.96783546461673,112.748666898704
0.112834408401909,-0.448699071369484,1.95195957007001,111.839045145182
0.109685398772539,-0.440841519176478,1.93567751255741,110.906151967921
0.106692838014505,-0.43300730135206,1.91897256703446,109.94902909246
0.103858649330511,-0.425198825260607,1.90182792619182,108.966713530909
0.101184712470263,-0.417418468076422,1.88422677920882,107.958242094194
0.0986728629039888,-0.409668575907506,1.86615240477909,106.922656722031
0.0963248910116756,-0.401951462933744,1.84758827980672,105.859010710761
0.0941425412883805,-0.394269410559827,1.82851820514896,104.766375917872
0.0921275115659201,-0.386624666583252,1.80892644970478,103.643851017668
0.0902814522512696,-0.37901944437773,1.78879791400566,102.49057087433
0.0886059655819804,-0.371455922092301,1.7681183142433,101.305717085927
0.087102604898923,-0.36393624186649,1.74687438734732,100.088529734503
0.0857728739366568,-0.356462509061799,1.72505411729538,98.8383203526907
0.0846182261317137,-0.349036791509823,1.7026469822752,97.5544860850548
0.0836400639490891,-0.341661118777306,1.67964422162019,96.2365249823733
0.0828397382272124,-0.334337481448402,1.65603912058995,94.8840523183603
0.0822185475416727,-0.327067830424424,1.63182731007352,93.4968177613984
0.08177773758796,-0.319854076241356,1.60700707715728,92.0747231687661
0.0815185005834826,-0.312698088405384,1.58157968125227,90.6178406994012
0.0814419746891067,-0.305601694746711,1.55554966914861,89.126430865187
0.0815492434504607,-0.298566680791891,1.52892518101866,87.6009600636444
0.0818413352592388,-0.29159478915494,1.50171823810128,86.0421170610252
0.0823192228347298,-0.284687718947437,1.4739450016591,84.4508278294693
0.0829838227257873,-0.277847125207859,1.44562599192189,82.8282680915377
0.0838359948334539,-0.271074618350359,1.41678625523318,81.1758728970058
0.0848765419544399,-0.264371763633188,1.38745546762137,79.4953425570545
0.0861062093456511,-0.257740080646984,1.35766796363687,77.7886442965138
0.08752568430995,-0.251181042823095,1.32746268061113,76.0580090601404
0.0891355958033297,-0.244696076962146,1.29688301055132,74.3059230268109
0.0909365140636695,-0.238286562783005,1.26597655466885,72.5351135450382
0.0929289502612285,-0.231953832492333,1.23479477897383,70.7485293999898
0.0951133561710347,-0.22569917037487,1.20339257330448,68.9493155477342
0.09749012386731,-0.219523812404607,1.17182772037844,67.1407826941209
0.100059585440066,-0.213428945876995,1.14016028568543,65.3263723382051
0.102822012733995,-0.207415709062318,1.10845194298486,63.509618126108
0.105777617109782,-0.201485190880358,1.07676525352017,61.6941045530401
0.10892654922793,-0.195638430596467,1.04516291954448,59.88342419347
0.112268898855215,-0.189876417539168,1.01370703415648,58.0811347198905
0.115804694693851,-0.184200090839354,0.982458349648718,56.2907169822597
0.119533904233451,-0.178610339191217,0.951475585557387,54.5155353621769
0.123456433625858,-0.173108000634952,0.920814795459372,52.7588014930242
0.127572127582902,-0.167693862361329,0.890528808473357,51.0235422603374
0.13188076929715,-0.162368660538197,0.860666757642581,49.3125727801288
0.136382080385683,-0.157133080158964,0.831273703207459,47.628474813998
0.141075720856948,-0.151987754913108,0.802390354519125,45.9735808359517
0.145961289100703,-0.146933267078759,0.774052890289851,44.3499637335114
0.151038321901077,-0.141970147437374,0.746292873254167,42.7594319181555
0.156306294472759,-0.137098875210516,0.719137252301488,41.2035294475099
0.16176462052031,-0.132319878018778,0.692608442839484,39.6835406298303
0.16741265232059,-0.127633531862813,0.666724474585371,38.2004984918191
0.173249680828291,-0.123040161126496,0.641499195142031,36.7551964426776
0.179274935804533,-0.118540038602179,0.61694251751639,35.348202455865
0.185487585968503,-0.114133385538028,0.593060700080718,33.979875109699
0.191886739172085,-0.109820371707401,0.569856648244471,32.6503808718793
0.198471442597422,-0.105601115500219,0.547330228167738,31.3597120739438
0.205240682977361,-0.101475684036287,0.525478584102244,30.1077050935688
0.212193386838691,-0.0974440933004997,0.504296452279079,28.8940583390118
0.219328420768107,-0.0935063082998597,0.483776465605921,27.7183497069751
0.226644591700806,-0.0896622432422285,0.46390944471367,26.5800532583509
0.234140647231611,-0.0859117617367273,0.444684672069105,25.4785549237187
0.24181527594852,-0.0822546770156871,0.426090146913538,24.4131671102549
0.249667107788569,-0.0786907521780418,0.408112819684701,23.3831421331169
0.257694714415863,-0.0752197004540551,0.39073880532807,22.3876844372823
0.265896609621672,-0.0718411854912489,0.373953575510427,21.4259616105742
0.27427124974642,-0.0685548216614132,0.357742130221442,20.4971142157081
0.282817034123432,-0.0653601743885496,0.342089149605598,19.6002644896202
0.291532305544268,-0.0622567604976014,0.326979127119546,18.7345239728216
0.300415350745494,-0.0592440485838159,0.312396485278781,17.8990001411949
0.309464400916688,-0.0563214594025697,0.298325675352631,17.0928021180957
0.318677632229515,-0.0534883662794869,0.284751262408747,16.3150455470434
0.328053166387671,-0.0507440955406653,0.271657997103621,15.5648567050147
0.33758907119748,-0.0480879269628246,0.259030875579475,14.8413759342823
0.347283361158973,-0.0455190942431718,0.246855188768517,14.1437604673413
0.357133998077179,-0.0430367854887853,0.235116562328325,13.4711867150376
0.367138891693443,-0.0406401437252987,0.223800988346871,12.8228520831322
0.377295900336513,-0.0383282674246642,0.21289484986371,12.1979763772619
0.387602831593169,-0.0361002110517654,0.202384939161541,11.5958028509682
0.398057442998134,-0.0339549856296425,0.192258470690134,11.0155989461843
0.408657442743017,-0.0318915593230853,0.182503089397218,10.4566567705593
0.419400490404011,-0.0299088580403425,0.173106875156132,9.91829335114443
0.430284197688098,-0.0280057660526848,0.16405834390298,9.39985069954658
0.441306129197452,-0.0261811266315583,0.155346446022578,8.90069571945059
0.452463803211778,-0.0244337427030538,0.146960562457558,8.42021998368679
0.463754692488273,-0.0227623775194086,0.138890498953892,7.95783940452419
0.475176225078924,-0.0211657553472555,0.131126478802988,7.51299381782287
0.486725785164834,-0.0196425621723232,0.123659134391303,7.08514649886268
0.498400713907247,-0.0181914464202871,0.116479497826138,6.67378362524093
0.510198310314963,-0.0168110196934627,0.109578990867258,6.27841369999648
0.522115832127829,-0.0154998575230267,0.102949414361161,5.89856694623805
0.534150496715938,-0.0142565001364456,0.0965829373445274,5.53379468281789
0.546299481994224,-0.0130794532397868,0.0904720859581136,5.18366868914471
0.5585599273521,-0.0119671888145753,0.0846097322893598,4.84778056591208
0.570928934597782,-0.0109181459288619,0.0789890832427616,4.52574109741778
0.583403568916949,-0.00993073156215593,0.0736036695199345,4.21717962016794
0.595980859845366,-0.00900332144387231,0.0684473347767474,3.92174340162665
0.608657802255108,-0.00813426090493949,0.0635142250123418,3.63909703225143
0.621431357354016,-0.00732186574220459,0.0587987782342343,3.36892183334731
0.634298453697992,-0.00656442309527272,0.0542957144343752,3.11091528273724
0.647255988215753,-0.00586019233540708,0.050000025903352,2.86479045980686
0.660300827245665,-0.00520740596611519,0.0459069679034021,2.63027551110747
0.673429807584243,-0.00460427053504014,0.0420120497152833,2.40711313737952
0.686639737545946,-0.0040489675567717,0.0383110260694809,2.19506010259692
0.699927398033828,-0.00353965444618776,0.0347998889684353,1.99388676541522
0.713289543620672,-0.00307446546193188,0.0314748599032452,1.80337663322149
0.726722903640164,-0.0026515126596294,0.0283323824657307,1.62332593883683
0.740224183287731,-0.00226888685443938,0.0253691153548029,1.45354323981074
0.753790064730573,-0.00192465859253753,0.0225819257742231,1.29384904014068
0.767417208226508,-0.00161687913112023,0.0199678832177651,1.14407543418804
0.781102253251181,-0.00134358142651682,0.0175242536366988,1.00406577249963
0.794841819633219,-0.00110278112999426,0.0152484939838896,0.873674349207499
0.808632508696886,-0.0008924775908348,0.0131382471282919,0.752766110651002
0.822470904411818,-0.000710654866264634,0.0111913371334087,0.641216384852356
0.836353574549374,-0.000555282737808582,0.00940576489308334,0.538910631465993
0.850277071845206,-0.000424317733643029,0.00777970411811294,0.445744211828418
0.864237935167544,-0.000315704156517646,0.00631149766725426,0.361622178740333
0.878232690690804,-0.000227375116813165,0.00499965421642583,0.286459085625987
0.892257853074038,-0.000157253570301399,0.00384284526030846,0.220178814737527
0.906309926643787,-0.000103253360170814,0.00283990244080696,0.16271442408714
0.920385406580886,-6.32802628802373e-05,0.00198981519741846,0.114008012823069
0.934480780110769,-3.52330374007795e-05,0.00129172873491451,0.0740106047863743
0.948592527696798,-1.70044774055432e-05,0.000744942304380618,0.0426820500217594
0.962717124236206,-6.48246596467172e-06,0.000348907794118757,0.0199909440422242
0.976851040258142,-1.55103230308623e-06,0.000103228627581069,0.005914564685323
0.990990743123399,-9.14101767170508e-08,0.000103228627581069,0.005914564685323
