-0.23,0,0,0
-0.22,0,0,0
-0.21,0,0,0
-0.2,0,0,0
-0.19,0,0,0
-0.18,0,0,0
-0.17,0,0,0
-0.16,0,0,0
-0.15,0,0,0
-0.14,0,0,0
-0.13,0,0,0
-0.12,0,0,0
-0.11,0,0,0
-0.1,0,0,0
-0.09,0,0,0
-0.08,0,0,0
-0.07,0,0,0
-0.06,0,0,0
-0.05,0,0,0
-0.04,0,0,0
-0.03,0,0,0
-0.02,0,0,0
-0.01,0,0,0
0,0,0,0
0.00999999999999998,0,0,0
0.02,0,0,0
0.03,0,0,0
0.04,0,0,0
0.05,0,0,0
0.06,0,0,0
0.07,0,0,0
0.08,0,0,0
0.09,0,0,0
0.1,0,0,0
0.11,0,0,0
0.12,0,0,0
0.13,0,0,0
0.14,0,0,0
0.15,0,0,0
0.16,0,0,0
0.17,0,0,0
0.18,0,0,0
0.19,0,0,0
0.2,0,0,0
0.21,0,0,0
0.22,0,0,0
0.23,0,0,0
0.24,0,0,0
0.25,0,0,0
0.26,0,0,0
0.27,0,0,0
0.28,0,0,0
0.29,0,0,0
0.3,0,0,0
0.31,0,0,0
0.32,0,0,0
0.33,0,0,0
0.34,0,0,0
0.35,0,0,0
0.36,0,0,0
0.37,0,0,0
0.38,0,0,0
0.39,0,0,0
0.4,0,0,0
0.41,0,0,0
0.42,0,0,0
0.43,0,0,0
0.44,0,0,0
0.45,0,0,0
0.46,0,0,0
0.47,0,0,0
0.48,0,0,0
0.49,0,0,0
0.5,0,0,0
0.51,0,0,0
0.52,0,0,0
0.53,0,0,0
0.54,0,0,0
0.55,0,0,0
0.56,0,0,0
0.57,0,0,0
0.58,0,0,0
0.59,0,0,0
0.6,0,0,0
0.61,0,0,0
0.62,0,0,0
0.63,0,0,0
0.64,0,0,0
0.65,0,0,0
0.66,0,0,0
0.67,0,0,0
0.68,0,0,0
0.69,0,0,0
0.7,0,0,0
0.71,0,0,0
0.72,0,0,0
0.73,0,0,0
0.74,0,0,0
0.75,0,0,0
0.76,0,0,0
0.77,0,0,0
0.78,0,0,0
0.79,0,0,0
0.8,0,0,0
0.81,0,0,0
0.82,0,0,0
0.83,0,0,0
0.84,0,0,0
0.85,0,0,0
0.86,0,0,0
0.87,0,0,0
0.88,0,0,0
0.89,0,0,0
0.9,0,0,0
0.91,0,0,0
0.92,0,0,0
0.93,0,0,0
0.94,0,0,0
0.95,0,0,0
0.96,0,0,0
0.97,0,0,0
0.98,0,0,0
0.99,0,0,0
1,0,2.50075484341597e-05,0.00143282698124634
1.00999999999515,5.00150968666227e-07,0.000201746568887687,0.0115592269285098
1.01999999936696,4.03493130478264e-06,0.000649605244958733,0.0372196388856974
1.02999999463589,1.34922542139379e-05,0.00140468248510494,0.0804823779524609
1.03999997732949,3.21285685287306e-05,0.00246497334008453,0.141232568999109
1.04999992950649,6.27916603226853e-05,0.00383290732286954,0.219609412865212
1.05999982348464,0.000108786500711892,0.0055213590066473,0.316350568257435
1.06999961524194,0.000173218227423396,0.00752613714732431,0.431215894578312
1.07999924277398,0.000259307715139087,0.00986707042511875,0.565341491517659
1.0899986238949,0.000370556258492652,0.0125457172932095,0.718816651865195
1.09999764431191,0.000510215171149651,0.0155788999102981,0.892605214316815
1.10999616692193,0.000682121185993426,0.0189777555555911,1.08734529796632
1.11999400457205,0.000889746772689519,0.0227576845297454,1.30391927504458
1.12999094151516,0.00113723453072775,0.0269373150760973,1.5433944652745
1.13998669183612,0.0014284263870872,0.0315349091025568,1.80681719890518
1.14998092954702,0.00176782603080896,0.036574221067984,2.09554850617394
1.15997323389326,0.00215974471217015,0.042080177415015,2.41101656704209
1.16996312769035,0.0026091771375156,0.0480809097740365,2.7548332052016
1.17995000308421,0.00312098678817762,0.0546101942859807,3.12893365097614
1.18993317643768,0.00370083079852316,0.0617029312500993,3.53531754421657
1.19991177990234,0.00435425244581435,0.0694007616261461,3.97637073617165
1.20988483870303,0.00508771870342222,0.0777529617575182,4.45491655334788
1.21985113477817,0.00590772812973928,0.0868043807228776,4.97352465866765
1.22980925548052,0.00682160249066725,0.0966295315682483,5.53646433518678
1.23975753048912,0.00783728315396081,0.107283050056301,6.14686598151678
1.24969390455873,0.00896311060921198,0.118844554497556,6.80929139082245
1.25961599491677,0.0102085278803341,0.131415730514985,7.52956672013724
1.26952094784189,0.01158379990155,0.145085552741895,8.31278984043332
1.27940527596735,0.0130999833917033,0.159970158683198,9.16561494058532
1.28926484057772,0.0147694541389175,0.176213781437135,10.0963059683886
1.2990946615569,0.016605887444359,0.193971501451177,11.1137483789682
1.30888870667515,0.0186243939141817,0.213422021272041,12.2281810740393
1.31863964508353,0.0208417261586467,0.234774381001081,13.4515811691583
1.32833853956388,0.0232765053887739,0.258272822496319,14.7979426919705
1.33797446090695,0.0259494621453371,0.28420201020272,16.2835757137498
1.34753400214144,0.0288836789143719,0.312892355419108,17.9274114074222
1.35700066265957,0.0321048115282971,0.344725002629493,19.7512877433062
1.36635406268362,0.0356412486103295,0.380135786266633,21.7801761949652
1.37556893851646,0.0395241408234271,0.419617558426802,24.04231510744
1.38461388501966,0.0437872094184531,0.463727879204179,26.5696503209519
1.39345053328256,0.0484667324775568,0.51306030912015,29.3961903482619
1.40203127211528,0.0535998769296232,0.568218350307061,32.5565133144808
1.41029862902349,0.0592235304908414,0.629766391353112,36.0829563037174
1.41818358041538,0.0653709845600729,0.698132392813164,40.0000396495636
1.42560666237616,0.0720685136832035,0.773477495084572,44.3169960166969
1.43247904418389,0.079329624574281,0.855554880679769,49.0196838047695
1.43870735142917,0.0871495933189757,0.943553001292539,54.0616047209644
1.44420177512721,0.0955011159359305,1.03602177318976,59.3596750874328
1.44888564765092,0.104332539984464,1.13095348558877,64.798861549846
1.45270512401631,0.113570720206433,1.22601334431656,70.2453902560584
1.45563572180482,0.123128298758797,1.3188831654134,75.5664390490424
1.45768356126751,0.132913409706882,1.40759266324328,80.6491188774193
1.45888143102186,0.142838891565998,1.49117226994788,85.4378775949559
1.45927266175612,0.152828757368681,1.56776871380357,89.8265305535978
1.45894192994407,0.162821213459853,1.6378336065934,93.8409532024918
1.45793392901072,0.172768807562788,1.70230903953827,97.5351233925119
1.45632080388654,0.182636767713982,1.76047191941695,100.867610933886
1.45416496800038,0.192400504798854,1.81329048075592,103.893891578562
1.45152027242491,0.20204368762796,1.86136893272675,106.648583962014
1.44843687368873,0.211555673170663,1.90524297224201,109.162381256428
1.44495718481149,0.220930226141471,1.94545777505254,111.466519731422
1.44111945069459,0.230163913660786,1.98248303916516,113.587911100433
1.43695570552006,0.239255426823081,2.01676784235996,115.552285624931
1.43249422506499,0.248204688365169,2.04865678303137,117.379387338546
1.42775945791881,0.257012419521946,2.07848121100683,119.088201187932
1.42277241703654,0.265679797449212,2.1065343495047,120.695527625955
1.41755116460179,0.274208202395136,2.1330618306558,122.215440337026
1.41211145404144,0.282599006107874,2.15827424089731,123.660005035217
1.40646693924593,0.290853456590497,2.18236259334294,125.040165965776
1.4006294336595,0.298972588627597,2.20549683734856,126.365660509523
1.39460916076327,0.306957153911675,2.22782841944486,127.645165913491
1.3884149603581,0.314807567866883,2.24949386175893,128.886504319372
1.38205445964885,0.322523866875078,2.27061771280148,130.096811831173
1.37553421586139,0.33010567132888,2.29131504715123,131.282681736584
1.36885983556709,0.337552151084319,2.31169363693544,132.450288923648
1.36203607479265,0.344861990636692,2.33185588570187,133.605500683458
1.35506692320474,0.352033351814509,2.35190059546012,134.75397795417
1.34795567508776,0.35906383205412,2.37192462554901,135.901270367106
1.34070498942381,0.365950416429918,2.39202449494484,137.052908052252
1.3333169411039,0.372689421599833,2.41229797628017,138.214492968803
1.32579306513304,0.37927642969609,2.43284572958046,139.391792511386
1.31813439563549,0.385706209946883,2.4537730264958,140.590838301252
1.31034150152881,0.391972625443069,2.47519162210081,141.818033432517
1.30241452093956,0.398068521937138,2.49722184234022,143.080272073978
1.29435319681864,0.403985594830798,2.51999497315661,144.385076356057
1.28615691684587,0.409714229491676,2.54365592555893,145.74074906797
1.27782476107037,0.415243312434151,2.56836412611537,147.156424679216
1.26935555510914,0.420560062114043,2.59429857092816,148.642358911005
1.26074796193433,0.425649714103422,2.62166478905764,150.210327711058
1.25200059463033,0.430495187800824,2.65069884634809,151.873856655942
1.24311217398598,0.435076691627654,2.68167463917674,153.648638852095
1.23408175446992,0.439371225474105,2.71488610682536,155.551515779796
1.22490897649446,0.44335260871703,2.75067473197993,157.602052955729
1.21559456744651,0.446990319168861,2.78947777265816,159.825303418866
1.20614098865396,0.450248474748221,2.83171498464545,162.245317404137
1.19655305668927,0.453087270519373,2.87792288423986,164.892835031061
1.18683943512612,0.455459023099497,2.92863266597131,167.798291504303
1.17701368244311,0.4573124426473,2.98443983004098,170.995806472089
1.16709667573646,0.458587450251266,3.04596300791464,174.520824906482
1.15711844956431,0.459220837710745,3.11357617237209,178.394773869418
1.14712074295397,0.459147252071687,3.18776885406197,182.645701401006
1.13715910072294,0.458298535200257,3.26839997231657,187.265524174414
1.12730361532956,0.456620738519625,3.35483557881716,192.217919626552
1.11763725121644,0.45407137050974,3.44613233000703,197.448838152988
1.10825085659457,0.450632125848573,3.540524580651,202.857115733628
1.09923494026258,0.446314156204744,3.63580734590391,208.316416042956
1.09066983125995,0.441159220426821,3.72960711010358,213.690746650919
1.0826170279665,0.43523526349064,3.81973634142773,218.854771216551
1.07511436054087,0.428627799214977,3.9044881438306,223.710691800362
1.06817581492574,0.421429783852129,3.98278246257198,228.196625824095
1.0617949914315,0.413732661003909,4.05414499955679,232.285398008671
1.0559503730849,0.405620239223865,4.11857769421981,235.977119475517
1.05061115931378,0.397166222289525,4.1764137129294,239.290879251416
1.04574166325019,0.388433045327373,4.2281720012883,242.256410729202
1.04130442529298,0.379472226288365,4.27444631982309,244.90773388109
1.03726266595857,0.370325962182961,4.3158452350802,247.279717001742
1.03358163014844,0.361028632518531,4.35294155764926,249.405179720405
1.03022892311002,0.351607854763089,4.38625075847843,251.31365634687
1.02717490924909,0.342085925068151,4.41623710427468,253.031747404015
1.02439282909111,0.332480952595609,4.44330782555086,254.582785481515
1.02185854209217,0.322807601485288,4.46781260067834,255.986805674237
1.01955033131382,0.313077791147452,4.490053088567,257.261091764569
1.01744867417986,0.303301247497684,4.51028899931779,258.420524045193
1.01553601514842,0.293485940483401,4.52874756824652,259.47812214066
1.0137966244004,0.283638454529777,4.5456233229084,260.445031658884
1.01221627471673,0.27376420394733,4.56107847117157,261.330546426113
1.01078205407897,0.263867659493064,4.57525229493015,262.142646707042
1.00948220652287,0.253952530166589,4.58827549421681,262.888821061925
1.00830620832891,0.244021952317759,4.60026320434575,263.57566625834
1.00724443299706,0.234078529462494,4.61129750987028,264.207885394753
1.00628785556525,0.224124402547162,4.62146413686076,264.790390213191
1.00542846587729,0.214161421100153,4.63084430111509,265.327834036104
1.00465878947838,0.204191113755254,4.63948731260294,265.823042116641
1.00397173847156,0.194214746789691,4.6474601202985,266.279850348466
1.00336113576229,0.184233429748446,4.65480768344245,266.70083470632
1.00282075740733,0.174248042711587,4.66157323589836,267.088472308118
1.0023452644891,0.164259370033065,4.66779709021173,267.445072892578
1.00192921989335,0.154268030422019,4.67351136722375,267.772476848336
1.00156791150917,0.144274570838211,4.67874741284326,268.072480163672
1.00125651795422,0.134279421353349,4.68353204484916,268.346619384133
1.00099085466996,0.124282958995116,4.68788780825009,268.596186243564
1.00076654478582,0.114285475066448,4.69183747204754,268.822485309653
1.0005798542873,0.104287223874565,4.69539762017523,269.026466771811
1.00042673450882,0.0942883959394048,4.69858557553885,269.209123159423
1.00030379531831,0.084289155355779,4.70141605289275,269.371297565809
1.00020728059639,0.0742896212526647,4.70389827308875,269.513518306862
1.0001339833403,0.0642898912938029,4.70604938627064,269.636768013439
1.00008048963898,0.0542900350755958,4.70786900200507,269.741024315357
1.00004358411526,0.0442901032820888,4.70937628736357,269.827385404921
1.00002023588584,0.0342901311966835,4.71056700349659,269.895608413941
1.00000714460357,0.0242901397190541,4.71145159741251,269.946291911907
1.00000148823053,0.0142901414569474,4.71203604821796,269.979778476392
1.00000008596059,0.00429014156140923,4.71230962222947,269.995453112636
0.999999901067427,-0.00570985844538678,4.71228844092123,269.994239513069
0.999998075171332,-0.0157098582645083,4.71196685261026,269.97581386011
0.999991458512434,-0.02570985608194,4.71134554358792,269.940215475356
0.999977206441129,-0.0357098455124373,4.71041727798255,269.887029773902
0.999952024496528,-0.045709813865709,4.70917995734332,269.816136523369
0.999913026108611,-0.0557097368765759,4.70763292810213,269.727498277066
0.999856903850996,-0.0657095789374941,4.70576120323661,269.620256341862
0.999780471611545,-0.0757092862236365,4.70356837376524,269.49461646796
0.999680494155201,-0.0857087840158097,4.701034340022,269.349427029329
0.999553383920165,-0.0957079761629848,4.69815553748634,269.184483793984
0.999395835308906,-0.105706730048349,4.69491524237136,268.998828559519
0.999203927541076,-0.115704888753521,4.69130053297906,268.791720967174
0.998974098531337,-0.125702239863623,4.68729509050695,268.562226018439
0.998702103720959,-0.135698539987566,4.6828790466924,268.309205345721
0.998383987391797,-0.145693468547279,4.67803229463939,268.031506908737
0.998015107777989,-0.155686661686461,4.67273000146204,267.727707887934
0.997591019356003,-0.165677650638402,4.66694485220506,267.396243251656
0.997106542877957,-0.17566590661097,4.66064702466835,267.035404313701
0.996556648617999,-0.185650755174497,4.65380059331913,266.643132692664
0.995935454184978,-0.195631440490623,4.64636704780528,266.217221907903
0.995237180758151,-0.205607004713987,4.6383041581323,265.755252358961
0.994455128731913,-0.215576364851496,4.62955509486716,265.253967959176
0.993582416869001,-0.2255381892988,4.62007448174381,264.710768840011
0.992611488222287,-0.235490900609554,4.6097839259084,264.121163421799
0.991533949680369,-0.245432662655117,4.59861784321421,263.481394009728
0.990341015876764,-0.255361209579721,4.58649765820349,262.786958561695
0.98902283235931,-0.265273882218431,4.57331378557684,262.03157830255
0.987568551695198,-0.275167517789057,4.55895934789813,261.209129606277
0.985966365401049,-0.285038287849879,4.54331544440345,260.312799960921
0.984203302631387,-0.294881552798492,4.52623172995453,259.333975224592
0.98226487217697,-0.304691759734598,4.50753323191681,258.262630203797
0.98013503039973,-0.314462174123957,4.48702472930316,257.087579559902
0.977795968709025,-0.324184598182358,4.46447831688631,255.795765285255
0.975227879748453,-0.333849019319501,4.43962810400084,254.371952966916
0.972408716100104,-0.343443166846697,4.41216486152054,252.798425081051
0.969313959574515,-0.352951949717963,4.38173073091836,251.054677844395
0.965916433586139,-0.362356739211587,4.34791452881097,249.117152184481
0.962186213907197,-0.371634450476458,4.31024536888374,246.958868302847
0.958090597030527,-0.380756518514744,4.26818869217857,244.549198227294
0.953594189641142,-0.389687882220395,4.22117105410753,241.85528600315
0.948660307486264,-0.398384757012654,4.16858610278736,238.842390226604
0.943251409285122,-0.406794392485318,4.10984198637482,235.47660028494
0.937332459062698,-0.414852466840975,4.04444011673624,231.729349182385
0.930873385682419,-0.422484205895784,3.97208757992308,227.583854185925
0.923854648442516,-0.429604202328181,3.89283284398285,223.042892310126
0.916272530414588,-0.436120173243297,3.80723298612865,218.138381728161
0.908144148232342,-0.441939811686464,3.71646652883712,212.937846804002
0.899510781075842,-0.446979547725932,3.62231888529594,207.54358417799
0.890437020146776,-0.451174685627025,3.5270219038561,202.083469341151
0.881005244221862,-0.454487648304182,3.43294436420159,196.693223371973
0.871306614847325,-0.456911616062255,3.34223631296813,191.496034868439
0.861431299919357,-0.458468601623144,3.25661739866315,186.590432432272
0.851460641768662,-0.459204515201136,3.17690478639049,182.023236175085
0.841462672476074,-0.459174029682048,3.10353767506434,177.819610341031
0.831490864081361,-0.458444198679236,3.03676217175551,173.993655826573
0.821585168173734,-0.457082594482803,2.97618503906701,170.522841788518
0.811774317528184,-0.455152860199764,2.92115465362353,167.369832957628
0.802077812760978,-0.452711398590367,2.87109560666855,164.501660840661
0.792508555910973,-0.44981059304825,2.82548716858763,161.88848982844
0.783074475563009,-0.446495924872162,2.78377051460358,159.498301619746
0.773780105482291,-0.442807679595643,2.74542836769062,157.301458424163
0.764627509546975,-0.438779943544589,2.71001120108988,155.272204255629
0.755617276055162,-0.434443033721415,2.67714952134052,153.38936869828
0.746748966938819,-0.429822886666974,2.64647388875494,151.631784417232
0.738021533057516,-0.424941662005646,2.61768473638367,149.9822874906
0.729433668271136,-0.41981875587341,2.59053101247269,148.426493712437
0.72098398950989,-0.414470952107825,2.56478203520799,146.951185988392
0.712671181814539,-0.408912754834705,2.54023486028915,145.544736466573
0.704494107435832,-0.403156716965826,2.51671120921715,144.196930541409
0.696451884886924,-0.397213708036696,2.49405271490116,142.898694446981
0.68854394810282,-0.391093134869734,2.47211714231107,141.641878716366
0.680770092886979,-0.384803124731344,2.45077528641726,140.419080446675
0.673130515815043,-0.378350678163306,2.4299083556553,139.223493382623
0.665625849419855,-0.371741796983388,2.4094057098609,138.048778309752
0.658257196594226,-0.364981591771512,2.38916285753093,136.888948305938
0.651026166580021,-0.35807437231327,2.36907963901005,135.738264645653
0.643934914573469,-0.351023723858989,2.34905853543445,134.591139909577
0.636986186809721,-0.343832571611337,2.32900305102805,133.442045296999
0.630183372960206,-0.336503235541306,2.30881612024407,132.285419361755
0.623530567766818,-0.329037477431673,2.28839849202129,131.115575436922
0.617032644043762,-0.321436541952647,2.26764704940406,129.926605356147
0.61069533920968,-0.313701193487384,2.24645311150971,128.712282163538
0.604525355074023,-0.305831749869931,2.22470048702895,127.465948587457
0.598530481030893,-0.297828117964383,2.20226322983473,126.180388446379
0.592719739093199,-0.28968983109185,2.17900319334224,124.847686524039
0.587103556849676,-0.281416092697591,2.15476711856052,123.459061727083
0.581693975615994,-0.273005831164127,2.12938310533983,122.004664902434
0.576504902148477,-0.264457772137594,2.10265623888847,120.473328255161
0.571552415859579,-0.255770537510316,2.07436295448438,118.852242470243
0.566855148652453,-0.246942784099713,2.04425324523466,117.127083207868
0.562434529600395,-0.237973374976696,2.01205090589583,115.282025073305
0.558315169613401,-0.228861639436306,1.9774147787693,113.297521170276
0.554526011665403,-0.219607814675345,1.93994674428397,111.150760927616
0.551100471735845,-0.210213520427616,1.8992523613974,108.819144538326
0.548076218486366,-0.200682402385583,1.85480840668228,106.27269350828
0.545498227294867,-0.19102138914458,1.80610301391537,103.482080063209
0.543415333758559,-0.181241636151247,1.75255342772851,100.41391478003
0.541884882795185,-0.171360716454317,1.69350342075617,97.0305986002964
0.540968871018004,-0.161404383902286,1.62867364913533,93.316126299625
0.540728842326787,-0.151409044459961,1.55723902762922,89.2232239762106
0.54123976559703,-0.141424151949648,1.47926269822335,84.7555093993325
0.54255504413117,-0.131513638124529,1.39534355485464,79.9472966639521
0.544726569833941,-0.121755316440463,1.30592567944193,74.824029789777
0.547783580853417,-0.112237477582514,1.21260738822077,69.4772855514317
0.551727923468957,-0.103051952929001,1.11741738582772,64.0233001624699
0.556530726516203,-0.0942846452538485,1.0226952807062,58.5961233124122
0.562134401957949,-0.0860059979602685,0.930749865664479,53.328039084943
0.568459738733867,-0.0782642917361585,0.84352089155932,48.3301870174614
0.57541578733427,-0.0710834760754519,0.762363205765746,43.6801941464408
0.582909578567064,-0.0644652781599461,0.688001019356107,39.4195547098034
0.590853532169977,-0.0583939432840089,0.620620350926602,35.5589267880223
0.59916934497178,-0.0528420500875028,0.56001010426404,32.0862154590107
0.607789588220466,-0.0477756524257216,0.505715262017753,28.9753501489698
0.61665852117642,-0.0431574751605119,0.457163513659366,26.1935398800531
0.625729837070725,-0.0389504679845143,0.41374254787151,23.7057017980269
0.634966018382728,-0.0351188727143339,0.374868996421689,21.4784113652675
0.644336900761825,-0.0316290483476102,0.339998808565503,19.4804967702797
0.653817915308137,-0.0284502868221289,0.308638975976205,17.6837107166761
0.663389246714023,-0.0255546369030504,0.280361931422453,16.0635554066427
0.673034865663061,-0.0229168385081604,0.254795225263246,14.5986910476691
0.682741755401285,-0.0205141580839236,0.231616481464885,13.270646853608
0.692499306754475,-0.0183261673717596,0.210548174195196,12.06352176557
0.702298842421716,-0.0163345037124017,0.191352235619358,10.9636755013821
0.712133240703033,-0.0145226335089659,0.173824280352982,9.95939764112466
0.721996632136338,-0.0128756428607219,0.157781612052979,9.04022045540618
0.731884120284506,-0.0113801874027673,0.143069123138283,8.19725693446106
0.741791675729256,-0.010024100874216,0.129562637384267,7.42339230470241
0.75171596335157,-0.00879624688514008,0.117149401838882,6.71216629785006
0.761654182205821,-0.00768651666990312,0.105716565788631,6.05711304430567
0.771603950006077,-0.00668588959285134,0.0951820703901385,5.45353091867206
0.781563333568792,-0.00578577896240933,0.085478191210037,4.89753959674737
0.791530677744477,-0.00497842838818534,0.0765234666881505,4.38447167494097
0.801504579279646,-0.00425682009814331,0.0682699926561142,3.91158244658447
0.811483901432343,-0.00361410168036272,0.0606603063504117,3.47557953784922
0.821467637115504,-0.00304436738611288,0.0536491694755827,3.07387098533297
0.831454989921257,-0.00254164024048105,0.0471981057733505,2.70425226182503
0.841445252453869,-0.00210076100175314,0.0412687144849188,2.36452316591626
0.85143786479518,-0.00171650419792635,0.0358309783044586,2.05296383267029
0.861432335511268,-0.00138429762345409,0.0308561601370213,1.76792774783113
0.871428277669907,-0.00109948098148787,0.0263184799927518,1.50793782678418
0.881425354035683,-0.000857990242036725,0.0221977057589134,1.27183485485898
0.891423305079624,-0.000655564332455595,0.0184720214072771,1.05836886571229
0.901421905319986,-0.000488571500542779,0.0151263227195962,0.86667445138571
0.911420987227471,-0.0003530498659528,0.0121446885446098,0.695839397107018
0.921420407738136,-0.000245683975757841,0.00951284752610149,0.545046014397082
0.931420063996132,-0.000162795958992416,0.00722363672015476,0.413883896800592
0.941419873376479,-0.000101212588496836,0.0052593561614965,0.301338911009874
0.951419777601538,-5.76093721625352e-05,0.00362226364441789,0.207540419108821
0.961419735988845,-2.87674964167226e-05,0.00229431685493225,0.131454672653347
0.971419720965542,-1.17230844913278e-05,0.00127916375046244,0.0732906842076234
0.981419717350143,-3.18423129580145e-06,0.000569205340663182,0.0326130636963066
0.99141971689101,-3.38978767846347e-07,0.00016045648812547,0.00919347956508043
1.00141971689211,2.48984207548654e-08,5.50228373243081e-05,0.00315257635551775
1.01141971686152,7.6147797812787e-07,0.000243578273751778,0.0139560070670591
1.02141971593723,4.89646375954652e-06,0.000740556914746962,0.0424307857042304
1.03141971026154,1.55726140929987e-05,0.00153613342568113,0.0880139620605016
1.04141968957398,3.56191159411819e-05,0.00263918730281786,0.151214293795979
1.05141963602661,6.83562867810811e-05,0.0040551163802291,0.232341054021495
1.06141951802455,0.00011672119244002,0.00578336550127814,0.331362434604799
1.07141929080517,0.000184022889846892,0.00784075900134069,0.449242398956031
1.0814188896311,0.000273534658898422,0.0102247875243431,0.585837171562877
1.09141822558969,0.000388514875073604,0.0129555062841724,0.742295831538295
1.10141718707267,0.000532637223606691,0.0160385211166095,0.918939569613173
1.11141562132385,0.000709271032451608,0.019490690228451,1.11673428988712
1.12141334961603,0.00092242559325926,0.0233266028191502,1.33651589191528
1.13141013186942,0.00117575965179388,0.0275637142868715,1.57928449634219
1.14140569442894,0.00147362847434094,0.0322231062222262,1.8462479893353
1.1513996787057,0.00182010797336394,0.0373268585090349,2.13867145504969
1.16139167946169,0.00221998917541067,0.042901046231881,2.4580488857824
1.17138117528626,0.00267786137817622,0.0489753079378511,2.80607844519243
1.18136758062333,0.00319909803524417,0.0555816477045972,3.18459383185642
1.19135014854623,0.00378891418303103,0.0627577433715626,3.59575382695565
1.20132804229483,0.00445341872732299,0.0705467190600891,4.04202926063823
1.21130020778062,0.0051986648844203,0.0789906847469416,4.52583285684816
1.22126543780855,0.00603157092559318,0.0881551700646671,5.05091918696344
1.2312222817099,0.00695946231289277,0.0980873454713739,5.61999091915138
1.24116897785676,0.00799014158617222,0.108865157078204,6.23751403660986
1.25110349322156,0.00913242469382631,0.120571425875693,6.90823383255166
1.26102335140323,0.0103956798399596,0.133284578703928,7.63664383391431
1.27092557559513,0.0117901592849253,0.147116368458408,8.42914700995831
1.28080664925635,0.0133273073147019,0.16219227689356,9.29293293561818
1.2906623368094,0.0150196782496061,0.178644226019075,10.2355601852742
1.30048750017722,0.0168810629399361,0.196627951098144,11.2659517322284
1.31027591144507,0.0189267378035014,0.216331586980587,12.3948869093549
1.3200200424162,0.0211737435589241,0.23797242279085,13.6348154664185
1.32971071183885,0.0236410133195353,0.26179878655744,14.9999655513876
1.33933668107624,0.0263496088405546,0.288099847422846,16.506905335692
1.34888414160482,0.0293229556036417,0.317211102565314,18.174857391684
1.35833606104137,0.0325870498804496,0.349520359078565,20.0260414290988
1.36767137198217,0.0361706199981361,0.385477530904599,22.0862356179573
1.37686416195864,0.0401053470128924,0.425586751756967,24.3843246923561
1.38588221150832,0.0444254164966873,0.470400044416488,26.9519372278312
1.39468549644092,0.0491669478954699,0.52052193478914,29.8237100074016
1.40322563513958,0.0543676221391965,0.576555567439863,33.0342006690745
1.41144299015295,0.0600636183366362,0.639049692689594,36.614850290246
1.41926762480983,0.0662879074736277,0.70840222897424,40.5884579178841
1.42661818710326,0.0730650333566639,0.784732956203243,44.9618864352703
1.43340469277548,0.0804061797808871,0.86771851560527,49.7166087495386
1.43953401462424,0.088303807208335,0.956452558575058,54.80069491084
1.44491757557315,0.0967271517692188,1.04940217943562,60.1263158934916
1.44948138185355,0.105621210030086,1.14449613667319,65.5747983004015
1.4531754540293,0.114910280265475,1.23938115695687,71.0113095016695
1.45597967834426,0.124505741751403,1.33177454461735,76.3050606695313
1.45790421214708,0.134315874445315,1.41978528891719,81.3477048697173
1.45898488224544,0.144254796174534,1.50228629294932,86.0746642063501
1.4592719340311,0.154248448985551,1.57813711270118,90.420596050739
1.45883819347902,0.164237143214803,1.64753950149522,94.3970600167637
1.45773967174659,0.17417534170143,1.71090862213432,98.0278431808395
1.45604671867726,0.184029724150874,1.76825301586156,101.313434920147
1.45381805256884,0.193777206631397,1.82040208578421,104.301356532247
1.45110822477248,0.203402291262785,1.86784273790879,107.019505676334
1.44796601613743,0.212895074864407,1.9111597296218,109.501386482693
1.44443347163324,0.222249763198874,1.95090249478033,111.778479192456
1.44054732914073,0.231463339355841,1.98751409196653,113.876169192458
1.43633983431868,0.240534622263859,2.02142243830316,115.818974327815
1.43183824912842,0.249463721411054,2.05300809130625,117.628698938057
1.4270663954047,0.258251455095619,2.08257252026702,119.322615941223
1.42204495847624,0.266899030690906,2.110392924322,120.916607677923
1.41679176649561,0.275407821673506,2.13671600568522,122.424809143814
1.41132222764088,0.283779190554635,2.16175549072863,123.859465957982
1.40564967806846,0.292014364376938,2.18569901916972,125.231329084308
1.39978566028215,0.300114347250491,2.20871180292873,126.549864468547
1.39374019573597,0.308079845921077,2.23094159170937,127.823537545145
1.38752194962917,0.315911223545778,2.25252316951398,129.060070868583
1.38113839302351,0.323608459051037,2.27357980782904,130.266527374769
1.37459594333626,0.331171110605988,2.2942255311883,131.449440188249
1.36790008160357,0.338598281114022,2.31456729195497,132.614937228044
1.361055450665,0.345888583106608,2.33470690322807,133.768851955026
1.35406593760098,0.353040100874472,2.35474280346465,134.916824477328
1.34693474316541,0.360050347924732,2.37477171324119,136.064396475772
1.33966444053528,0.36691621795497,2.39489023675791,137.217102963314
1.33225702541549,0.373633927514143,2.4151964567211,138.38056366507
1.32471395937107,0.38019894838844,2.43579157040939,139.560576758001
1.31703620820786,0.386605927508714,2.45678161689777,140.763217833568
1.30922427729345,0.392848591813354,2.47827935097506,141.994947265292
1.30127824592723,0.398919634990436,2.50040632931848,143.262729737747
1.29319780327161,0.40481058231952,2.52329529109251,144.574170644835
1.28498228901333,0.410511628859585,2.54709294222069,145.937675616805
1.27663074293695,0.416011444858222,2.57196329733516,147.362641999856
1.26814196911912,0.42129694027583,2.59809180935409,148.859695463497
1.25951462272076,0.42635297736036,2.62568624583708,150.440740212014
1.25074731792375,0.431162124104779,2.6549769090547,152.118971593523
1.24183878462631,0.435704359653754,2.68623757234005,153.910075664553
1.23278813455875,0.439956321448448,2.71979755877844,155.832921247989
1.22359518577548,0.443890761625602,2.75600124602557,157.907239730061
1.21426083546467,0.447476750554453,2.79524312232307,160.155633622082
1.20478777877686,0.450678300331882,2.8380253925458,162.606877143833
1.19518142238407,0.453453361294523,2.88483035030442,165.28860368369
1.18545085950101,0.455755357241577,2.93622906158598,168.233532912535
1.17561073652817,0.457529938216832,2.9928669911766,171.478647238437
1.16568298095629,0.458717218464955,3.0552281649013,175.051679298344
1.15569909010744,0.459253885719281,3.12377355709384,178.979040976046
1.14570273087302,0.459073286156228,3.1988001941221,183.277750628825
1.13575156788923,0.458111490521526,3.28024370127424,187.944119857386
1.12591763968759,0.456312347620634,3.36751957713587,192.944659197565
1.11628539102456,0.453637169194835,3.45938973199439,198.208431334172
1.10694619268184,0.450071759550974,3.55405224338219,203.632193714802
1.09798973073781,0.445631746485417,3.64926688114551,209.087590606507
1.08949413529663,0.440363019255903,3.74266807186096,214.439084635998
1.08151774591968,0.434336630889609,3.8321231716891,219.564484312073
1.07409490558706,0.427639738450336,3.91601118627873,224.37091349979
1.06723637809791,0.420365477780045,3.99334122662749,228.80159844135
1.06093320560192,0.412604403346488,4.06371081743866,232.833479000893
1.05516231251108,0.404439168450748,4.12718010405719,236.470001252841
1.04989214090581,0.395942135570881,4.1841183991416,239.732325253848
1.04508618387624,0.387173586503002,4.23506102307437,242.651122602518
1.0407073668112,0.378184147370174,4.28060958701829,245.260863079386
1.03671893518072,0.369014566417597,4.32136069436652,247.595729540925
1.03308635465534,0.359698096830956,4.35788575653668,249.688461449728
1.02977772903435,0.350261655209751,4.39069797363688,251.568463006036
1.02676388509009,0.340726922580539,4.4202491819257,253.261622520497
1.02401840109441,0.331111427999318,4.4469355931222,254.790641252408
1.02151747819623,0.321429395787863,4.47110138493688,256.17523913198
1.01923973307658,0.311692408497839,4.49304352491992,257.432431146494
1.01716595946985,0.301909928354013,4.51301707457503,258.576831243627
1.01527888600973,0.292089709999947,4.53124047877298,259.62095539253
1.01356294531363,0.28223812907283,4.54790054716652,260.57550699788
1.01200406165599,0.272360444885347,4.56315982864334,261.449799424903
1.01058952028241,0.262461027295435,4.57716762774118,262.252387193477
1.00930794110555,0.252543546562107,4.59004403602048,262.990151043168
1.00814878068372,0.242611007777473,4.601883016882,263.668474680269
1.00710235968905,0.232665920411266,4.61278963893763,264.293378092801
1.00616011748005,0.222710444616323,4.62284684308053,264.869613443891
1.0053139355066,0.212746339080904,4.63211133456162,265.400429705092
1.00455630710012,0.202775086146358,4.64065997268072,265.890230589901
1.00388059962782,0.192797968319605,4.64854038601754,266.341745014919
1.00328021361788,0.182816010081749,4.6558021077516,266.75781102228
1.00274947411989,0.172830122746521,4.66248977172507,267.140985942761
1.00228264973119,0.162841028095142,4.66863817795203,267.493263670298
1.00187474165714,0.152849362968311,4.67428337120684,267.816709418334
1.00152072528807,0.142855633742194,4.67945380358655,268.112953371949
1.0012161595753,0.132860281335509,4.68417551410769,268.383487456893
1.00095653250939,0.122863653100678,4.68847343319308,268.629740081175
1.00073789540889,0.112866050072547,4.69236560037491,268.852744833853
1.00055609247728,0.102867702687722,4.69587286014603,269.053696016394
1.00040758855516,0.0928688101357026,4.69900905941576,269.233386998262
1.00028850239202,0.082869519028725,4.70178859693485,269.392642767104
1.00019558506298,0.0728699532722277,4.70422554681312,269.532269710013
1.00012523566117,0.0628702010202151,4.70632489782585,269.652553662759
1.00007430421794,0.0528703313620349,4.70810502094632,269.754547204576
1.00003955676823,0.0428703924224942,4.70956195846288,269.838023575289
1.00001776386856,0.0328704161443856,4.71071215294545,269.90392486476
1.00000602023993,0.0228704233856577,4.71155326533039,269.952117054513
1.00000104957065,0.0128704246058455,4.71208866488465,269.982793189325
1.00000001393013,0.0028704246655113,4.71232609607157,269.996396994261
0.999999791884394,-0.00712957534376858,4.71226136604431,269.992688236891
0.999997461643349,-0.0171295750531644,4.7119007829811,269.972028349205
0.999990027937117,-0.0271295721268611,4.7112310818006,269.933657298027
0.999974303678968,-0.0371295598096979,4.71026036894007,269.878039548
0.999947455748548,-0.0471295229767418,4.70898096192257,269.804734925618
0.999906143462243,-0.0571294376265138,4.70738459971929,269.713270108796
0.999847368596691,-0.0671292638089668,4.70547274626753,269.603728974962
0.999767819972609,-0.0771289462823212,4.70322698958202,269.475056595069
0.999664131492314,-0.0871284082300733,4.7006483450839,269.327311148463
0.999533012929953,-0.0971275449734121,4.69771704002001,269.159359739836
0.999370703620465,-0.107126227826909,4.69442541125947,268.970763304133
0.999173761520057,-0.117124281941656,4.69075623496039,268.760534987907
0.998938083400524,-0.127121504621627,4.68669335018096,268.527748837397
0.998659906859041,-0.137117625497637,4.68221796790154,268.271328321079
0.998334756644701,-0.147112337796779,4.67730777301985,267.989994877771
0.997958429374654,-0.157105241263372,4.67193863217161,267.682365767556
0.997525974020866,-0.167095885358341,4.6660829822406,267.346861740203
0.997032645517868,-0.17708369106776,4.65970900945982,266.981660001133
0.996472868705842,-0.187068010074793,4.65278190685363,266.584766257544
0.99584121909827,-0.197048016901257,4.64526277268309,266.15395160398
0.995131364941152,-0.207022783309783,4.63710267232943,265.686412293312
0.994336930799478,-0.216991153268185,4.62825932724703,265.179725943312
0.993450778553998,-0.226951779827216,4.61866065812392,264.629762713616
0.992465135155845,-0.23690307684875,4.60825379049513,264.033493120535
0.991371873252705,-0.246843088615801,4.59696245262776,263.386547115678
0.990161778371543,-0.256769552141311,4.58468819287875,262.683283835413
0.988824854884489,-0.266679756677693,4.5713466357241,261.918868918319
0.987350354672248,-0.276570388821615,4.55682544964833,261.086866242653
0.98572623029405,-0.286437527488779,4.54098536021064,260.179295970763
0.983939192066312,-0.296276455974687,4.52367834193518,259.187676867624
0.981974569746137,-0.306081465668037,4.50473346465016,258.102215355799
0.979816111680293,-0.315845624539604,4.483950936062,256.911464180087
0.977445768226214,-0.325560485470728,4.46109646678298,255.601999547388
0.974843432364759,-0.33521573812668,4.43589716866245,254.15818611839
0.971986723634766,-0.344798740195955,4.4080367643905,252.561902538079
0.968850750530158,-0.354293944624549,4.3771485294408,250.792137038852
0.965407905952182,-0.36368218671071,4.34281205411889,248.824801919552
0.961627807116499,-0.372939740158516,4.30455123522102,246.63261847599
0.957477415181279,-0.382037131713078,4.2618304363987,244.184897006044
0.95292129701134,-0.390937912354872,4.21405912736693,241.447802616707
0.947922106713313,-0.399597651106142,4.16063389060015,238.386762030484
0.942442990069146,-0.407961342906874,4.10097217659553,234.968397619503
0.936448894804696,-0.415963875635316,4.0345962649244,231.165338019414
0.92991122968095,-0.423528415030475,3.96124770799097,226.962775273753
0.92281239785445,-0.43056819372851,3.88104169895881,222.367309464622
0.915151175059633,-0.436990761778814,3.79462329435297,217.415899608454
0.906948023609555,-0.44270440095705,3.70325583337517,212.1809297096
0.898247706178596,-0.447627588614699,3.6088021839018,206.769134235168
0.889117782926232,-0.451699050666567,3.5135346655092,201.310707506587
0.879642483525576,-0.454885467600289,3.41980967985308,195.940661393567
0.869913409289509,-0.457184298149567,3.32971351075318,190.778531153846
0.860019880331648,-0.458621059710032,3.24473302726171,185.909508108803
0.850041527275643,-0.459241190360312,3.16610525110448,181.404468382495
0.840044307160925,-0.459110810991087,3.09383454783688,177.263662102819
0.830079685287014,-0.458287125133628,3.02784106575347,173.482514104067
0.820186008397089,-0.456842104270994,2.96808761253187,170.058893423137
0.810390371947884,-0.454836231753312,2.91374019281996,166.945015646218
0.800711258297337,-0.45232631434324,2.86436286839209,164.115903352853
0.791160824602945,-0.449364321210497,2.81934670909918,161.536667415481
0.781746363239858,-0.445994242020114,2.77812187664628,159.174658504796
0.772472019079752,-0.442255649702767,2.74023451316025,157.003872480168
0.763339654457139,-0.438182525868433,2.70520717112113,154.996953613766
0.754349608255824,-0.433803857644278,2.67266005627096,153.132141297523
0.745501354944368,-0.429145218776214,2.64227265704752,151.391071571641
0.736793820775969,-0.424228582327318,2.61374006303097,149.756274355933
0.72822567093192,-0.41907287271583,2.58679990023004,148.212716728044
0.719795507866075,-0.413694404200164,2.56122982863091,146.747659543566
0.711502036658454,-0.408107400820536,2.53683642512798,145.350020474889
0.703344153836281,-0.402324182404722,2.51344421874182,144.009745775463
0.695321020777001,-0.396355409293591,2.49089667329643,142.717866583062
0.687432121031183,-0.390210301302634,2.46905320536801,141.466328060835
0.679677305601646,-0.383896818799312,2.44778604601872,140.247809587888
0.672056831197556,-0.37742181331763,2.42697760760979,139.055573888798
0.664571395184817,-0.370791153360736,2.40651821665395,137.883337135621
0.657222170098499,-0.364009829804599,2.38630411217028,136.72515426207
0.650010840037228,-0.357082044431516,2.36623563258562,135.575315080625
0.642939640936605,-0.350011284482875,2.34621552875373,134.428247625643
0.636011406563034,-0.342800385660333,2.32614734935673,133.278425643684
0.629229622047403,-0.335451585683824,2.30593384955389,132.120277415793
0.62259848687245,-0.327966570312574,2.28547537510568,130.948093174634
0.616122989434214,-0.320346513643929,2.26466817257217,129.75592828599
0.60980899562496,-0.312592114529139,2.24340257127227,128.537499082698
0.603663354354603,-0.304703631103059,2.22156097358741,127.286067717532
0.597694023580666,-0.296680915750094,2.19901557508267,125.994311535771
0.591910221321415,-0.28852345337761,2.1756257114716,124.65417106747
0.586322607394416,-0.280230406727728,2.15123482901594,123.256676444161
0.580943499748753,-0.271800673219175,2.12567025391573,121.791934185873
0.575787049657827,-0.263232949251558,2.09873719125744,120.248783366192
0.570869609102511,-0.254525844732375,2.07020941299762,118.614262073019
0.566210126406464,-0.245678028069269,2.03982484544314,116.873354589817
0.561830598802067,-0.236688427611126,2.0072837082187,115.008884766301
0.557756500403268,-0.227556505719833,1.97227023620698,113.00276059393
0.55401673794198,-0.218282590717777,1.93438751095734,110.832240320672
0.550645584651746,-0.208868571961668,1.89317638701926,108.471016850029
0.54768211901417,-0.199318535568837,1.84816963015566,105.892319632173
0.545170918257796,-0.189639823767463,1.7988128065006,103.064381946567
0.543163128719923,-0.179844499690272,1.74448387023143,99.9515631929083
0.54171642518729,-0.169951104069359,1.68469079277066,96.5256722103076
0.540891601388634,-0.159986671116417,1.61872721999765,92.7462378888103
0.540758911988118,-0.149989451600316,1.54654753959243,88.610646834988
0.541376083831507,-0.140010930641117,1.46794163874946,84.1068604718617
0.542810123693527,-0.130117014844618,1.38295554622193,79.2375160527259
0.545106177914188,-0.120387292743563,1.292869154965,74.0759460421397
0.548289801400653,-0.110911062860946,1.19915078272369,68.7062788498765
0.552358535267998,-0.101779933195767,1.10388349385208,63.2478652718796
0.557279152750655,-0.0930781697037699,1.00942293847674,57.8356741184109
0.562990455815124,-0.0848733942683426,0.918042473700829,52.5999591568074
0.569410959281423,-0.0772104489076522,0.831606870873911,47.6475639151559
0.576448936646491,-0.0701098826582693,0.751381073306616,43.050964306479
0.584011895090252,-0.063570554680723,0.678009286134744,38.8470705661986
0.592013282031005,-0.0575747611489053,0.611611713504212,35.0427698845558
0.600375954549234,-0.0520941029227091,0.551930055671182,31.6232627763793
0.609034857833477,-0.0470934888664075,0.498486158655827,28.5611530366676
0.617934949631024,-0.0425360663918398,0.450698927066671,25.8231463519948
0.627031825488684,-0.0383844435543401,0.407963248231456,23.3745723201103
0.63628891487262,-0.0346032653023792,0.369687796459573,21.181550474625
0.645676763490715,-0.0311594548580215,0.335340045944165,19.2135693343238
0.655171664381455,-0.0280225814863449,0.304443216884406,17.4433114288624
0.664754430703056,-0.0251650349874505,0.27657431846197,15.846541169578
0.6744094823829,-0.0225619457249749,0.251366449341977,14.4022366584843
0.684124172163762,-0.0201909246755088,0.228504982951544,13.0923711208323
0.693888193020171,-0.01803184170475,0.207717914339495,11.901359820913
0.703693100015312,-0.0160666197102879,0.188768725337802,10.8156512659203
0.713531940140618,-0.0142790349695046,0.171456017786465,9.82370619128442
0.723398999429697,-0.0126544226490957,0.155609731647588,8.91578087457011
0.733289558096458,-0.011179499073134,0.141083577690663,8.08349356028103
0.743199703354085,-0.00984218489196319,0.127741344918096,7.31903993313181
0.75312613005774,-0.00863167525623895,0.115464411152102,6.61562344297871
0.76306610096957,-0.00753807438681471,0.104166883956994,5.96832281576475
0.773017361088551,-0.00655214075929193,0.0937598230997978,5.37204215151162
0.782977968102444,-0.00566565126434124,0.0841587920168023,4.82194359148206
0.792946311695502,-0.00487097340538762,0.0753120851480091,4.31506462531081
0.802921062867657,-0.00416084910267416,0.0671514165297125,3.84749275547756
0.812901054610364,-0.00352896636902623,0.0596287528828276,3.41647587781456
0.822885360464604,-0.00296899001314155,0.0527008745496508,3.0195376883434
0.832873157899964,-0.00247544353324401,0.0463245593677348,2.65420173957443
0.842863792270086,-0.00204283536967342,0.0404677850365243,2.31863328883551
0.852856691139746,-0.00166631246869286,0.0350971834665067,2.01092048542717
0.862851397118221,-0.00134103855094744,0.0301854512649482,1.72949896017937
0.872847515172319,-0.00106269708261383,0.0257092593879771,1.47303205733818
0.882844734301105,-0.000826911380760221,0.0216444148307931,1.24013361983481
0.892842786405573,-0.000629843540766706,0.0179749074257165,1.02988633263192
0.902841467657588,-0.000467433233554197,0.0146809252000528,0.841155053310281
0.912840602850939,-0.000336235999362934,0.0117496384723948,0.673204695272761
0.922840064366499,-0.000232446138533273,0.00916830949747873,0.52530543947524
0.932839745719446,-0.000152872530115389,0.0069228160321576,0.396648140988133
0.9428395720061,-9.39910145652937e-05,0.00501033581837451,0.287071096336085
0.95283948623902,-5.26662753224935e-05,0.00341209211658752,0.195498477590325
0.962839449391634,-2.57493257734681e-05,0.00213329744452271,0.122228940017195
0.972839437030888,-1.00003666840165e-05,0.00115940956635769,0.0664292748793885
0.982839434050822,-2.56114184250861e-06,0.000491115293910332,0.028138833595389
0.992839433748263,-1.78061628262794e-07,0.00019875546310695,0.0113878491911964
0.995495371561699,-4.57050883585254e-08,4.98342013601048e-05,0.00285528941333911
