-0.46,0,0,0
-0.45,0,0,0
-0.44,0,0,0
-0.43,0,0,0
-0.42,0,0,0
-0.41,0,0,0
-0.4,0,0,0
-0.39,0,0,0
-0.38,0,0,0
-0.37,0,0,0
-0.36,0,0,0
-0.35,0,0,0
-0.34,0,0,0
-0.33,0,0,0
-0.32,0,0,0
-0.31,0,0,0
-0.3,0,0,0
-0.29,0,0,0
-0.28,0,0,0
-0.27,0,0,0
-0.26,0,0,0
-0.25,0,0,0
-0.24,0,0,0
-0.23,0,0,0
-0.22,0,0,0
-0.21,0,0,0
-0.2,0,0,0
-0.19,0,0,0
-0.18,0,0,0
-0.17,0,0,0
-0.16,0,0,0
-0.15,0,0,0
-0.14,0,0,0
-0.13,0,0,0
-0.12,0,0,0
-0.11,0,0,0
-0.1,0,0,0
-0.09,0,0,0
-0.08,0,0,0
-0.07,0,0,0
-0.06,0,0,0
-0.05,0,0,0
-0.04,0,0,0
-0.03,0,0,0
-0.02,0,0,0
-0.01,0,0,0
0,0,0,0
0.01,0,0,0
0.02,0,0,0
0.03,0,0,0
0.04,0,0,0
0.05,0,0,0
0.06,0,0,0
0.07,0,0,0
0.08,0,0,0
0.09,0,0,0
0.1,0,0,0
0.11,0,0,0
0.12,0,0,0
0.13,0,0,0
0.14,0,0,0
0.15,0,0,0
0.16,0,0,0
0.17,0,0,0
0.18,0,0,0
0.19,0,0,0
0.2,0,0,0
0.21,0,0,0
0.22,0,0,0
0.23,0,0,0
0.24,0,0,0
0.25,0,0,0
0.26,0,0,0
0.27,0,0,0
0.28,0,0,0
0.29,0,0,0
0.3,0,0,0
0.31,0,0,0
0.32,0,0,0
0.33,0,0,0
0.34,0,0,0
0.35,0,0,0
0.36,0,0,0
0.37,0,0,0
0.38,0,0,0
0.39,0,0,0
0.4,0,0,0
0.41,0,0,0
0.42,0,0,0
0.43,0,0,0
0.44,0,0,0
0.45,0,0,0
0.46,0,0,0
0.47,0,0,0
0.48,0,0,0
0.49,0,0,0
0.5,0,0,0
0.51,0,0,0
0.52,0,0,0
0.53,0,0,0
0.54,0,0,0
0.55,0,0,0
0.56,0,0,0
0.57,0,0,0
0.58,0,0,0
0.59,0,0,0
0.6,0,0,0
0.61,0,0,0
0.62,0,0,0
0.63,0,0,0
0.64,0,0,0
0.65,0,0,0
0.66,0,0,0
0.67,0,0,0
0.68,0,0,0
0.69,0,0,0
0.7,0,0,0
0.71,0,0,0
0.72,0,0,0
0.73,0,0,0
0.74,0,0,0
0.75,0,0,0
0.76,0,0,0
0.77,0,0,0
0.78,0,0,0
0.79,0,0,0
0.8,0,0,0
0.81,0,0,0
0.82,0,0,0
0.83,0,0,0
0.84,0,0,0
0.85,0,0,0
0.86,0,0,0
0.87,0,0,0
0.88,0,0,0
0.89,0,0,0
0.9,0,0,0
0.91,0,0,0
0.92,0,0,0
0.93,0,0,0
0.94,0,0,0
0.95,0,0,0
0.96,0,0,0
0.97,0,0,0
0.98,0,0,0
0.99,0,0,0
1,0,2.50075484341597e-05,0.00143282698124634
1.00999999999515,5.00150968666227e-07,0.000201746568887687,0.0115592269285098
1.01999999936696,4.03493130478264e-06,0.000649605244958733,0.0372196388856974
1.02999999463589,1.34922542139379e-05,0.00140468248510494,0.0804823779524609
1.03999997732949,3.21285685287306e-05,0.00246497334008453,0.141232568999109
1.04999992950649,6.27916603226853e-05,0.00383290732286954,0.219609412865212
1.05999982348464,0.000108786500711892,0.0055213590066473,0.316350568257435
1.06999961524194,0.000173218227423396,0.00752613714732431,0.431215894578312
1.07999924277398,0.000259307715139087,0.00986707042511875,0.565341491517659
1.0899986238949,0.000370556258492652,0.0125457172932095,0.718816651865195
1.09999764431191,0.000510215171149651,0.0155788999102981,0.892605214316815
1.10999616692193,0.000682121185993426,0.0189777555555911,1.08734529796632
1.11999400457205,0.000889746772689519,0.0227576845297454,1.30391927504458
1.12999094151516,0.00113723453072775,0.0269373150760973,1.5433944652745
1.13998669183612,0.0014284263870872,0.0315349091025568,1.80681719890518
1.14998092954702,0.00176782603080896,0.036574221067984,2.09554850617394
1.15997323389326,0.00215974471217015,0.042080177415015,2.41101656704209
1.16996312769035,0.0026091771375156,0.0480809097740365,2.7548332052016
1.17995000308421,0.00312098678817763,0.0546101942859808,3.12893365097614
1.18993317643768,0.00370083079852318,0.0617029312500995,3.53531754421658
1.19991177990234,0.00435425244581437,0.0694007616261462,3.97637073617166
1.20988483870303,0.00508771870342222,0.0777529617575183,4.45491655334789
1.21985113477817,0.00590772812973928,0.0868043807228776,4.97352465866765
1.22980925548052,0.00682160249066725,0.0966295315682483,5.53646433518678
1.23975753048912,0.00783728315396081,0.107283050056301,6.14686598151678
1.24969390455873,0.00896311060921198,0.118844554497556,6.80929139082245
1.25961599491677,0.0102085278803341,0.131415730514985,7.52956672013724
1.26952094784189,0.01158379990155,0.145085552741895,8.31278984043332
1.27940527596735,0.0130999833917033,0.159970158683198,9.16561494058532
1.28926484057772,0.0147694541389175,0.176213781437135,10.0963059683886
1.2990946615569,0.016605887444359,0.193971501451177,11.1137483789682
1.30888870667515,0.0186243939141817,0.213422021272041,12.2281810740393
1.31863964508353,0.0208417261586467,0.234774381001081,13.4515811691583
1.32833853956388,0.0232765053887739,0.258272822496319,14.7979426919705
1.33797446090695,0.0259494621453371,0.28420201020272,16.2835757137498
1.34753400214144,0.0288836789143719,0.312892355419108,17.9274114074222
1.35700066265957,0.0321048115282971,0.344725002629493,19.7512877433062
1.36635406268362,0.0356412486103295,0.380135786266633,21.7801761949652
1.37556893851646,0.0395241408234271,0.419617558426802,24.04231510744
1.38461388501966,0.0437872094184531,0.463727879204179,26.5696503209519
1.39345053328256,0.0484667324775568,0.51306030912015,29.3961903482619
1.40203127211528,0.0535998769296232,0.568218350307061,32.5565133144808
1.41029862902349,0.0592235304908414,0.629766391353112,36.0829563037174
1.41818358041538,0.0653709845600729,0.698132392813163,40.0000396495636
1.42560666237616,0.0720685136832037,0.773477495084571,44.3169960166968
1.43247904418389,0.0793296245742812,0.855554880679772,49.0196838047697
1.43870735142917,0.0871495933189757,0.943553001292543,54.0616047209646
1.44420177512721,0.0955011159359305,1.03602177318976,59.3596750874328
1.44888564765092,0.104332539984464,1.13095348558877,64.798861549846
1.45270512401631,0.113570720206433,1.22601334431656,70.2453902560584
1.45563572180482,0.123128298758797,1.3188831654134,75.5664390490424
1.45768356126751,0.132913409706882,1.40759266324328,80.6491188774193
1.45888143102186,0.142838891565998,1.49117226994788,85.4378775949559
1.45927266175612,0.152828757368681,1.56776871380357,89.8265305535978
1.45894192994407,0.162821213459853,1.6378336065934,93.8409532024917
1.45793392901072,0.172768807562788,1.70230903953827,97.5351233925119
1.45632080388654,0.182636767713982,1.76047191941695,100.867610933886
1.45416496800038,0.192400504798854,1.81329048075592,103.893891578562
1.45152027242491,0.20204368762796,1.86136893272676,106.648583962014
1.44843687368873,0.211555673170663,1.905242972242,109.162381256427
1.44495718481149,0.220930226141471,1.94545777505254,111.466519731422
1.44111945069459,0.230163913660786,1.98248303916516,113.587911100432
1.43695570552006,0.239255426823081,2.01676784235997,115.552285624932
1.43249422506499,0.24820468836517,2.04865678303137,117.379387338546
1.42775945791881,0.257012419521947,2.07848121100682,119.088201187931
1.42277241703654,0.265679797449212,2.1065343495047,120.695527625956
1.41755116460179,0.274208202395136,2.1330618306558,122.215440337026
1.41211145404144,0.282599006107874,2.1582742408973,123.660005035217
1.40646693924593,0.290853456590497,2.18236259334296,125.040165965776
1.4006294336595,0.298972588627597,2.20549683734857,126.365660509524
1.39460916076327,0.306957153911676,2.22782841944485,127.645165913491
1.3884149603581,0.314807567866884,2.24949386175892,128.886504319371
1.38205445964885,0.322523866875079,2.27061771280148,130.096811831173
1.37553421586139,0.330105671328881,2.29131504715123,131.282681736585
1.36885983556709,0.337552151084321,2.31169363693544,132.450288923649
1.36203607479265,0.344861990636693,2.33185588570188,133.605500683458
1.35506692320473,0.35203335181451,2.35190059546012,134.75397795417
1.34795567508775,0.359063832054121,2.37192462554901,135.901270367106
1.34070498942381,0.365950416429919,2.39202449494485,137.052908052252
1.3333169411039,0.372689421599834,2.41229797628018,138.214492968804
1.32579306513304,0.37927642969609,2.43284572958045,139.391792511385
1.31813439563549,0.385706209946884,2.45377302649579,140.590838301252
1.31034150152881,0.39197262544307,2.47519162210082,141.818033432517
1.30241452093956,0.398068521937138,2.49722184234023,143.080272073979
1.29435319681864,0.403985594830799,2.51999497315661,144.385076356057
1.28615691684586,0.409714229491677,2.54365592555893,145.74074906797
1.27782476107037,0.415243312434152,2.56836412611538,147.156424679217
1.26935555510914,0.420560062114043,2.59429857092816,148.642358911005
1.26074796193433,0.425649714103422,2.62166478905764,150.210327711058
1.25200059463033,0.430495187800825,2.6506988463481,151.873856655942
1.24311217398598,0.435076691627655,2.68167463917674,153.648638852095
1.23408175446992,0.439371225474105,2.71488610682536,155.551515779796
1.22490897649446,0.443352608717031,2.75067473197994,157.602052955729
1.21559456744651,0.446990319168861,2.78947777265817,159.825303418866
1.20614098865396,0.450248474748221,2.83171498464546,162.245317404138
1.19655305668926,0.453087270519373,2.87792288423987,164.892835031062
1.18683943512612,0.455459023099497,2.92863266597132,167.798291504303
1.17701368244311,0.4573124426473,2.98443983004099,170.995806472089
1.16709667573645,0.458587450251267,3.04596300791465,174.520824906483
1.15711844956431,0.459220837710745,3.1135761723721,178.394773869419
1.14712074295397,0.459147252071687,3.18776885406198,182.645701401006
1.13715910072294,0.458298535200257,3.26839997231658,187.265524174415
1.12730361532956,0.456620738519625,3.35483557881717,192.217919626553
1.11763725121644,0.454071370509739,3.44613233000705,197.448838152989
1.10825085659456,0.450632125848572,3.54052458065101,202.857115733629
1.09923494026258,0.446314156204743,3.63580734590392,208.316416042956
1.09066983125995,0.44115922042682,3.72960711010358,213.690746650919
1.0826170279665,0.435235263490639,3.81973634142775,218.854771216552
1.07511436054087,0.428627799214976,3.90448814383062,223.710691800363
1.06817581492574,0.421429783852127,3.98278246257198,228.196625824095
1.0617949914315,0.413732661003907,4.0541449995568,232.285398008671
1.0559503730849,0.405620239223864,4.11857769421982,235.977119475518
1.05061115931378,0.397166222289524,4.17641371292941,239.290879251417
1.04574166325019,0.388433045327372,4.22817200128831,242.256410729203
1.04130442529298,0.379472226288363,4.2744463198231,244.907733881091
1.03726266595857,0.370325962182959,4.3158452350802,247.279717001742
1.03358163014844,0.36102863251853,4.35294155764926,249.405179720405
1.03022892311002,0.351607854763087,4.38625075847843,251.31365634687
1.02717490924909,0.34208592506815,4.41623710427468,253.031747404015
1.02439282909111,0.332480952595608,4.44330782555087,254.582785481516
1.02185854209217,0.322807601485287,4.46781260067835,255.986805674237
1.01955033131382,0.313077791147451,4.490053088567,257.261091764569
1.01744867417986,0.303301247497683,4.51028899931779,258.420524045193
1.01553601514842,0.293485940483399,4.52874756824652,259.478122140661
1.01379662440039,0.283638454529776,4.5456233229084,260.445031658884
1.01221627471673,0.273764203947329,4.56107847117157,261.330546426113
1.01078205407897,0.263867659493063,4.57525229493015,262.142646707042
1.00948220652287,0.253952530166588,4.58827549421681,262.888821061925
1.00830620832891,0.244021952317758,4.60026320434576,263.57566625834
1.00724443299706,0.234078529462493,4.61129750987028,264.207885394753
1.00628785556525,0.224124402547161,4.62146413686076,264.790390213191
1.00542846587729,0.214161421100152,4.63084430111509,265.327834036104
1.00465878947838,0.204191113755252,4.63948731260294,265.823042116641
1.00397173847156,0.19421474678969,4.6474601202985,266.279850348466
1.00336113576229,0.184233429748444,4.65480768344245,266.70083470632
1.00282075740733,0.174248042711586,4.66157323589837,267.088472308119
1.0023452644891,0.164259370033064,4.66779709021173,267.445072892578
1.00192921989335,0.154268030422018,4.67351136722375,267.772476848336
1.00156791150917,0.14427457083821,4.67874741284326,268.072480163672
1.00125651795422,0.134279421353347,4.68353204484916,268.346619384133
1.00099085466996,0.124282958995115,4.68788780825009,268.596186243564
1.00076654478582,0.114285475066447,4.69183747204754,268.822485309653
1.0005798542873,0.104287223874564,4.69539762017523,269.026466771811
1.00042673450882,0.0942883959394034,4.69858557553885,269.209123159423
1.00030379531831,0.0842891553557776,4.70141605289275,269.371297565809
1.00020728059639,0.0742896212526633,4.70389827308875,269.513518306862
1.0001339833403,0.0642898912938015,4.70604938627064,269.636768013439
1.00008048963898,0.0542900350755944,4.70786900200507,269.741024315357
1.00004358411526,0.0442901032820874,4.70937628736357,269.827385404921
1.00002023588584,0.0342901311966822,4.71056700349659,269.895608413941
1.00000714460357,0.0242901397190528,4.71145159741251,269.946291911907
1.00000148823053,0.0142901414569461,4.71203604821796,269.979778476392
1.00000008596059,0.0042901415614079,4.71230962222947,269.995453112636
0.999999901067427,-0.00570985844538811,4.71228844092123,269.994239513069
0.999998075171332,-0.0157098582645096,4.71196685261026,269.97581386011
0.999991458512434,-0.0257098560819413,4.71134554358792,269.940215475356
0.999977206441129,-0.0357098455124386,4.71041727798255,269.887029773902
0.999952024496528,-0.0457098138657103,4.70917995734332,269.816136523369
0.999913026108611,-0.0557097368765772,4.70763292810213,269.727498277066
0.999856903850996,-0.0657095789374958,4.70576120323661,269.620256341862
0.999780471611545,-0.0757092862236378,4.70356837376524,269.49461646796
0.999680494155201,-0.0857087840158114,4.701034340022,269.349427029329
0.999553383920165,-0.0957079761629861,4.69815553748633,269.184483793983
0.999395835308906,-0.105706730048351,4.69491524237136,268.998828559519
0.999203927541076,-0.115704888753522,4.69130053297907,268.791720967174
0.998974098531337,-0.125702239863624,4.68729509050695,268.562226018439
0.998702103720959,-0.135698539987568,4.6828790466924,268.309205345721
0.998383987391797,-0.14569346854728,4.67803229463938,268.031506908737
0.998015107777989,-0.155686661686462,4.67273000146203,267.727707887933
0.997591019356003,-0.165677650638403,4.66694485220506,267.396243251656
0.997106542877957,-0.175665906610971,4.66064702466835,267.035404313701
0.996556648617999,-0.185650755174499,4.65380059331913,266.643132692664
0.995935454184978,-0.195631440490624,4.64636704780529,266.217221907903
0.995237180758151,-0.205607004713988,4.6383041581323,265.755252358961
0.994455128731913,-0.215576364851497,4.62955509486716,265.253967959175
0.993582416869001,-0.225538189298802,4.62007448174381,264.710768840011
0.992611488222287,-0.235490900609556,4.6097839259084,264.121163421799
0.991533949680369,-0.245432662655118,4.59861784321421,263.481394009728
0.990341015876764,-0.255361209579722,4.58649765820349,262.786958561695
0.989022832359309,-0.265273882218433,4.57331378557684,262.03157830255
0.987568551695198,-0.275167517789059,4.55895934789813,261.209129606277
0.985966365401049,-0.28503828784988,4.54331544440345,260.312799960921
0.984203302631387,-0.294881552798493,4.52623172995452,259.333975224591
0.982264872176969,-0.3046917597346,4.50753323191681,258.262630203797
0.98013503039973,-0.314462174123958,4.48702472930316,257.087579559902
0.977795968709025,-0.32418459818236,4.46447831688631,255.795765285255
0.975227879748453,-0.333849019319503,4.43962810400083,254.371952966915
0.972408716100103,-0.343443166846698,4.41216486152054,252.79842508105
0.969313959574514,-0.352951949717965,4.38173073091836,251.054677844395
0.965916433586138,-0.362356739211588,4.34791452881096,249.11715218448
0.962186213907197,-0.371634450476459,4.31024536888373,246.958868302846
0.958090597030526,-0.380756518514745,4.26818869217857,244.549198227294
0.953594189641141,-0.389687882220396,4.22117105410752,241.85528600315
0.948660307486263,-0.398384757012655,4.16858610278735,238.842390226603
0.943251409285122,-0.406794392485319,4.10984198637482,235.47660028494
0.937332459062697,-0.414852466840976,4.04444011673623,231.729349182384
0.930873385682418,-0.422484205895785,3.97208757992306,227.583854185924
0.923854648442515,-0.429604202328182,3.89283284398284,223.042892310126
0.916272530414587,-0.436120173243298,3.80723298612864,218.13838172816
0.908144148232341,-0.441939811686464,3.71646652883711,212.937846804001
0.899510781075841,-0.446979547725932,3.62231888529592,207.543584177989
0.890437020146775,-0.451174685627026,3.52702190385609,202.08346934115
0.88100524422186,-0.454487648304182,3.43294436420158,196.693223371972
0.871306614847324,-0.456911616062256,3.34223631296812,191.496034868439
0.861431299919355,-0.458468601623144,3.25661739866314,186.590432432271
0.851460641768661,-0.459204515201136,3.17690478639047,182.023236175085
0.841462672476072,-0.459174029682048,3.10353767506433,177.81961034103
0.83149086408136,-0.458444198679236,3.0367621717555,173.993655826572
0.821585168173733,-0.457082594482802,2.976185039067,170.522841788517
0.811774317528182,-0.455152860199763,2.92115465362352,167.369832957628
0.802077812760977,-0.452711398590367,2.87109560666855,164.50166084066
0.792508555910971,-0.44981059304825,2.82548716858762,161.88848982844
0.783074475563008,-0.446495924872161,2.78377051460357,159.498301619746
0.77378010548229,-0.442807679595642,2.74542836769062,157.301458424163
0.764627509546974,-0.438779943544589,2.71001120108988,155.272204255629
0.755617276055161,-0.434443033721415,2.67714952134052,153.38936869828
0.746748966938818,-0.429822886666973,2.64647388875493,151.631784417232
0.738021533057515,-0.424941662005645,2.61768473638366,149.982287490599
0.729433668271135,-0.419818755873409,2.59053101247268,148.426493712437
0.720983989509889,-0.414470952107824,2.56478203520799,146.951185988392
0.712671181814538,-0.408912754834704,2.54023486028915,145.544736466573
0.704494107435831,-0.403156716965825,2.51671120921714,144.196930541408
0.696451884886923,-0.397213708036696,2.49405271490116,142.898694446981
0.688543948102819,-0.391093134869733,2.47211714231107,141.641878716366
0.680770092886978,-0.384803124731343,2.45077528641726,140.419080446674
0.673130515815042,-0.378350678163305,2.42990835565529,139.223493382622
0.665625849419854,-0.371741796983388,2.4094057098609,138.048778309752
0.658257196594225,-0.364981591771511,2.38916285753093,136.888948305938
0.65102616658002,-0.358074372313269,2.36907963901005,135.738264645653
0.643934914573468,-0.351023723858988,2.34905853543445,134.591139909576
0.63698618680972,-0.343832571611336,2.32900305102804,133.442045296999
0.630183372960205,-0.336503235541305,2.30881612024407,132.285419361754
0.623530567766818,-0.329037477431673,2.28839849202129,131.115575436922
0.617032644043761,-0.321436541952646,2.26764704940406,129.926605356147
0.61069533920968,-0.313701193487383,2.24645311150971,128.712282163538
0.604525355074023,-0.30583174986993,2.22470048702894,127.465948587457
0.598530481030892,-0.297828117964382,2.20226322983473,126.180388446379
0.592719739093198,-0.28968983109185,2.17900319334224,124.847686524039
0.587103556849675,-0.28141609269759,2.15476711856052,123.459061727083
0.581693975615994,-0.273005831164126,2.12938310533983,122.004664902433
0.576504902148477,-0.264457772137593,2.10265623888847,120.473328255161
0.571552415859579,-0.255770537510315,2.07436295448438,118.852242470243
0.566855148652453,-0.246942784099712,2.04425324523465,117.127083207868
0.562434529600395,-0.237973374976695,2.01205090589583,115.282025073305
0.558315169613401,-0.228861639436305,1.9774147787693,113.297521170276
0.554526011665403,-0.219607814675344,1.93994674428397,111.150760927616
0.551100471735845,-0.210213520427615,1.8992523613974,108.819144538326
0.548076218486366,-0.200682402385582,1.85480840668228,106.27269350828
0.545498227294867,-0.19102138914458,1.80610301391536,103.482080063208
0.543415333758559,-0.181241636151246,1.75255342772851,100.413914780029
0.541884882795185,-0.171360716454316,1.69350342075617,97.0305986002964
0.540968871018004,-0.161404383902285,1.62867364913532,93.3161262996244
0.540728842326787,-0.15140904445996,1.55723902762921,89.22322397621
0.54123976559703,-0.141424151949647,1.47926269822335,84.7555093993325
0.54255504413117,-0.131513638124528,1.39534355485463,79.9472966639516
0.544726569833941,-0.121755316440462,1.30592567944191,74.8240297897761
0.547783580853418,-0.112237477582512,1.21260738822075,69.4772855514309
0.551727923468957,-0.103051952929,1.11741738582771,64.0233001624691
0.556530726516204,-0.0942846452538469,1.02269528070618,58.5961233124111
0.56213440195795,-0.0860059979602667,0.930749865664457,53.3280390849417
0.568459738733869,-0.0782642917361565,0.843520891559302,48.3301870174604
0.575415787334271,-0.0710834760754503,0.762363205765728,43.6801941464398
0.582909578567066,-0.0644652781599448,0.688001019356091,39.4195547098025
0.590853532169978,-0.0583939432840081,0.62062035092659,35.5589267880217
0.59916934497178,-0.0528420500875024,0.560010104264033,32.0862154590103
0.607789588220467,-0.0477756524257209,0.505715262017746,28.9753501489694
0.616658521176421,-0.0431574751605111,0.45716351365936,26.1935398800527
0.625729837070727,-0.0389504679845136,0.413742547871501,23.7057017980265
0.63496601838273,-0.035118872714333,0.374868996421679,21.478411365267
0.644336900761828,-0.0316290483476091,0.339998808565495,19.4804967702793
0.65381791530814,-0.028450286822128,0.308638975976196,17.6837107166757
0.663389246714025,-0.0255546369030496,0.280361931422444,16.0635554066423
0.673034865663064,-0.0229168385081597,0.254795225263239,14.5986910476687
0.682741755401287,-0.020514158083923,0.23161648146488,13.2706468536077
0.692499306754477,-0.0183261673717591,0.210548174195192,12.0635217655698
0.702298842421719,-0.0163345037124012,0.191352235619354,10.9636755013819
0.712133240703035,-0.0145226335089655,0.173824280352977,9.95939764112437
0.721996632136341,-0.0128756428607215,0.157781612052975,9.04022045540597
0.731884120284509,-0.0113801874027668,0.143069123138278,8.19725693446082
0.74179167572926,-0.0100241008742156,0.129562637384263,7.42339230470215
0.751715963351572,-0.00879624688513977,0.117149401838878,6.71216629784985
0.761654182205824,-0.00768651666990284,0.105716565788629,6.05711304430557
0.771603950006079,-0.00668588959285118,0.0951820703901363,5.45353091867193
0.781563333568793,-0.00578577896240918,0.0854781912100345,4.89753959674723
0.79153067774448,-0.00497842838818513,0.0765234666881487,4.38447167494087
0.801504579279648,-0.00425682009814313,0.0682699926561117,3.91158244658433
0.811483901432346,-0.00361410168036251,0.0606603063504095,3.47557953784909
0.821467637115508,-0.00304436738611269,0.0536491694755806,3.07387098533285
0.83145498992126,-0.00254164024048092,0.0471981057733485,2.70425226182491
0.841445252453872,-0.00210076100175303,0.0412687144849176,2.36452316591618
0.851437864795181,-0.00171650419792629,0.0358309783044574,2.05296383267023
0.86143233551127,-0.00138429762345403,0.0308561601370202,1.76792774783107
0.87142827766991,-0.0010994809814878,0.0263184799927509,1.50793782678412
0.881425354035685,-0.000857990242036666,0.0221977057589121,1.27183485485891
0.891423305079627,-0.000655564332455529,0.018472021407276,1.05836886571222
0.90142190531999,-0.000488571500542726,0.0151263227195952,0.866674451385653
0.911420987227473,-0.000353049865952768,0.0121446885446089,0.695839397106967
0.921420407738139,-0.000245683975757816,0.00951284752610094,0.54504601439705
0.931420063996134,-0.000162795958992403,0.00722363672015428,0.413883896800565
0.94141987337648,-0.000101212588496827,0.00525935616149611,0.301338911009852
0.951419777601541,-5.76093721625256e-05,0.00362226364441756,0.207540419108803
0.961419735988848,-2.87674964167166e-05,0.00229431685493194,0.131454672653329
0.971419720965545,-1.17230844913245e-05,0.00127916375046218,0.0732906842076085
0.981419717350146,-3.18423129579956e-06,0.000569205340663007,0.0326130636962966
0.991419716891013,-3.38978767846042e-07,0.000160456488125383,0.00919347956507547
1.00141971689211,2.48984207548796e-08,5.50228373243174e-05,0.00315257635551829
1.01141971686152,7.61477978128314e-07,0.000243578273751851,0.0139560070670633
1.02141971593723,4.89646375954778e-06,0.000740556914747105,0.0424307857042386
1.03141971026154,1.55726140930014e-05,0.00153613342568134,0.0880139620605139
1.04141968957399,3.56191159411888e-05,0.00263918730281815,0.151214293795995
1.05141963602661,6.83562867810918e-05,0.00405511638022958,0.232341054021523
1.06141951802456,0.00011672119244004,0.00578336550127873,0.331362434604833
1.07141929080517,0.00018402288984692,0.00784075900134138,0.449242398956071
1.0814188896311,0.000273534658898449,0.0102247875243439,0.585837171562922
1.09141822558969,0.000388514875073638,0.0129555062841731,0.742295831538332
1.10141718707267,0.000532637223606719,0.0160385211166102,0.918939569613214
1.11141562132385,0.000709271032451642,0.0194906902284519,1.11673428988717
1.12141334961603,0.000922425593259322,0.0233266028191511,1.33651589191533
1.13141013186943,0.00117575965179396,0.0275637142868729,1.57928449634227
1.14140569442894,0.00147362847434105,0.0322231062222277,1.84624798933539
1.15139967870571,0.00182010797336407,0.0373268585090366,2.13867145504978
1.1613916794617,0.00221998917541078,0.0429010462318828,2.45804888578251
1.17138117528627,0.00267786137817635,0.0489753079378525,2.80607844519251
1.18136758062333,0.00319909803524427,0.0555816477045987,3.1845938318565
1.19135014854623,0.00378891418303114,0.0627577433715642,3.59575382695575
1.20132804229484,0.00445341872732318,0.0705467190600909,4.04202926063833
1.21130020778062,0.00519866488442051,0.0789906847469444,4.52583285684832
1.22126543780856,0.00603157092559349,0.0881551700646711,5.05091918696367
1.23122228170991,0.00695946231289312,0.0980873454713776,5.61999091915158
1.24116897785677,0.0079901415861726,0.108865157078206,6.23751403660999
1.25110349322156,0.00913242469382663,0.120571425875697,6.90823383255187
1.26102335140323,0.01039567983996,0.133284578703931,7.63664383391448
1.27092557559513,0.0117901592849256,0.147116368458411,8.42914700995849
1.28080664925635,0.0133273073147022,0.162192276893563,9.29293293561838
1.2906623368094,0.0150196782496066,0.178644226019081,10.2355601852745
1.30048750017722,0.0168810629399366,0.196627951098149,11.2659517322287
1.31027591144508,0.0189267378035022,0.216331586980592,12.3948869093552
1.3200200424162,0.0211737435589249,0.237972422790857,13.6348154664189
1.32971071183885,0.023641013319536,0.261798786557444,14.9999655513878
1.33933668107625,0.0263496088405553,0.288099847422852,16.5069053356924
1.34888414160482,0.0293229556036423,0.317211102565325,18.1748573916846
1.35833606104137,0.0325870498804502,0.349520359078571,20.0260414290992
1.36767137198217,0.0361706199981371,0.385477530904605,22.0862356179576
1.37686416195864,0.0401053470128935,0.425586751756981,24.3843246923569
1.38588221150833,0.0444254164966889,0.470400044416503,26.9519372278321
1.39468549644092,0.0491669478954716,0.520521934789161,29.8237100074028
1.40322563513958,0.054367622139198,0.576555567439879,33.0342006690754
1.41144299015295,0.0600636183366378,0.639049692689609,36.6148502902468
1.41926762480983,0.0662879074736289,0.708402228974264,40.5884579178855
1.42661818710326,0.0730650333566652,0.784732956203259,44.9618864352712
1.43340469277548,0.0804061797808892,0.867718515605282,49.7166087495393
1.43953401462424,0.0883038072083372,0.956452558575088,54.8006949108417
1.44491757557315,0.0967271517692219,1.04940217943566,60.1263158934936
1.44948138185356,0.105621210030089,1.14449613667322,65.5747983004036
1.4531754540293,0.114910280265478,1.23938115695689,71.0113095016707
1.45597967834426,0.124505741751405,1.33177454461737,76.3050606695327
1.45790421214708,0.134315874445318,1.41978528891721,81.3477048697182
1.45898488224544,0.144254796174536,1.50228629294935,86.0746642063519
1.4592719340311,0.154248448985553,1.5781371127012,90.4205960507402
1.45883819347902,0.164237143214806,1.64753950149523,94.3970600167641
1.45773967174659,0.174175341701433,1.71090862213434,98.0278431808404
1.45604671867726,0.184029724150877,1.76825301586156,101.313434920147
1.45381805256884,0.1937772066314,1.82040208578422,104.301356532248
1.45110822477248,0.203402291262787,1.86784273790882,107.019505676336
1.44796601613743,0.212895074864409,1.91115972962181,109.501386482693
1.44443347163324,0.222249763198875,1.95090249478034,111.778479192457
1.44054732914073,0.231463339355842,1.98751409196653,113.876169192458
1.43633983431868,0.240534622263862,2.02142243830317,115.818974327816
1.43183824912841,0.249463721411057,2.05300809130626,117.628698938058
1.4270663954047,0.258251455095622,2.08257252026702,119.322615941224
1.42204495847624,0.266899030690909,2.11039292432201,120.916607677923
1.41679176649561,0.275407821673508,2.13671600568524,122.424809143815
1.41132222764088,0.283779190554637,2.16175549072863,123.859465957983
1.40564967806846,0.29201436437694,2.18569901916972,125.231329084309
1.39978566028215,0.300114347250492,2.20871180292874,126.549864468548
1.39374019573597,0.308079845921079,2.23094159170938,127.823537545146
1.38752194962916,0.31591122354578,2.25252316951398,129.060070868582
1.38113839302351,0.32360845905104,2.27357980782905,130.266527374769
1.37459594333625,0.33117111060599,2.29422553118832,131.44944018825
1.36790008160357,0.338598281114025,2.31456729195497,132.614937228044
1.361055450665,0.34588858310661,2.33470690322808,133.768851955027
1.35406593760098,0.353040100874474,2.35474280346465,134.916824477328
1.34693474316541,0.360050347924733,2.37477171324119,136.064396475772
1.33966444053528,0.366916217954971,2.39489023675792,137.217102963315
1.33225702541548,0.373633927514145,2.4151964567211,138.38056366507
1.32471395937107,0.380198948388442,2.4357915704094,139.560576758002
1.31703620820786,0.386605927508716,2.45678161689777,140.763217833569
1.30922427729345,0.392848591813356,2.47827935097506,141.994947265292
1.30127824592722,0.398919634990437,2.50040632931849,143.262729737748
1.29319780327161,0.404810582319522,2.52329529109251,144.574170644835
1.28498228901333,0.410511628859586,2.54709294222069,145.937675616805
1.27663074293695,0.416011444858223,2.57196329733517,147.362641999856
1.26814196911912,0.421296940275832,2.59809180935411,148.859695463498
1.25951462272076,0.426352977360362,2.62568624583709,150.440740212015
1.25074731792374,0.43116212410478,2.65497690905471,152.118971593523
1.24183878462631,0.435704359653755,2.68623757234006,153.910075664554
1.23278813455875,0.439956321448449,2.71979755877845,155.83292124799
1.22359518577548,0.443890761625603,2.75600124602558,157.907239730062
1.21426083546467,0.447476750554454,2.79524312232307,160.155633622082
1.20478777877686,0.450678300331883,2.83802539254581,162.606877143834
1.19518142238407,0.453453361294523,2.88483035030443,165.28860368369
1.18545085950101,0.455755357241578,2.93622906158599,168.233532912536
1.17561073652817,0.457529938216833,2.99286699117662,171.478647238438
1.16568298095629,0.458717218464955,3.05522816490132,175.051679298345
1.15569909010744,0.459253885719281,3.12377355709386,178.979040976047
1.14570273087301,0.459073286156228,3.19880019412212,183.277750628826
1.13575156788923,0.458111490521526,3.28024370127426,187.944119857387
1.12591763968758,0.456312347620633,3.36751957713589,192.944659197566
1.11628539102456,0.453637169194835,3.45938973199441,198.208431334173
1.10694619268183,0.450071759550973,3.55405224338222,203.632193714803
1.09798973073781,0.445631746485415,3.64926688114554,209.087590606509
1.08949413529663,0.440363019255901,3.74266807186098,214.439084636
1.08151774591968,0.434336630889607,3.83212317168913,219.564484312074
1.07409490558705,0.427639738450335,3.91601118627876,224.370913499792
1.0672363780979,0.420365477780043,3.9933412266275,228.801598441351
1.06093320560192,0.412604403346486,4.06371081743867,232.833479000894
1.05516231251108,0.404439168450746,4.1271801040572,236.470001252842
1.04989214090581,0.395942135570878,4.18411839914161,239.732325253849
1.04508618387624,0.387173586503,4.23506102307438,242.651122602519
1.0407073668112,0.378184147370171,4.2806095870183,245.260863079387
1.03671893518072,0.369014566417594,4.32136069436652,247.595729540925
1.03308635465534,0.359698096830954,4.3578857565367,249.688461449729
1.02977772903435,0.350261655209749,4.3906979736369,251.568463006037
1.02676388509009,0.340726922580537,4.42024918192571,253.261622520498
1.02401840109441,0.331111427999317,4.44693559312221,254.790641252408
1.02151747819623,0.32142939578786,4.47110138493689,256.175239131981
1.01923973307658,0.311692408497836,4.49304352491991,257.432431146494
1.01716595946985,0.30190992835401,4.51301707457503,258.576831243627
1.01527888600973,0.292089709999944,4.53124047877299,259.620955392531
1.01356294531363,0.282238129072827,4.54790054716653,260.57550699788
1.01200406165599,0.272360444885345,4.56315982864334,261.449799424903
1.01058952028241,0.262461027295432,4.57716762774119,262.252387193477
1.00930794110555,0.252543546562105,4.59004403602049,262.990151043168
1.00814878068372,0.242611007777471,4.60188301688201,263.66847468027
1.00710235968905,0.232665920411264,4.61278963893763,264.293378092801
1.00616011748005,0.22271044461632,4.62284684308053,264.869613443891
1.0053139355066,0.212746339080901,4.63211133456162,265.400429705092
1.00455630710012,0.202775086146355,4.64065997268072,265.890230589901
1.00388059962782,0.192797968319602,4.64854038601755,266.34174501492
1.00328021361788,0.182816010081746,4.65580210775161,266.75781102228
1.00274947411989,0.17283012274652,4.66248977172505,267.14098594276
1.00228264973119,0.16284102809514,4.66863817795203,267.493263670298
1.00187474165714,0.152849362968308,4.67428337120685,267.816709418335
1.00152072528807,0.142855633742191,4.67945380358654,268.112953371949
1.0012161595753,0.132860281335506,4.68417551410769,268.383487456893
1.00095653250939,0.122863653100674,4.68847343319308,268.629740081175
1.00073789540889,0.112866050072544,4.69236560037491,268.852744833853
1.00055609247728,0.102867702687719,4.69587286014605,269.053696016395
1.00040758855516,0.0928688101357,4.69900905941576,269.233386998262
1.00028850239202,0.0828695190287233,4.70178859693485,269.392642767104
1.00019558506298,0.072869953272225,4.70422554681311,269.532269710013
1.00012523566117,0.0628702010202124,4.70632489782585,269.652553662759
1.00007430421794,0.0528703313620322,4.70810502094633,269.754547204577
1.00003955676823,0.0428703924224907,4.70956195846288,269.838023575289
1.00001776386856,0.032870416144383,4.71071215294545,269.90392486476
1.00000602023993,0.022870423385655,4.71155326533039,269.952117054513
1.00000104957065,0.0128704246058428,4.71208866488465,269.982793189325
1.00000001393013,0.00287042466550953,4.71232609607157,269.996396994261
0.999999791884394,-0.00712957534377124,4.71226136604431,269.992688236891
0.999997461643349,-0.0171295750531671,4.7119007829811,269.972028349205
0.999990027937117,-0.0271295721268638,4.7112310818006,269.933657298027
0.999974303678968,-0.0371295598097014,4.71026036894007,269.878039548
0.999947455748548,-0.0471295229767445,4.70898096192257,269.804734925618
0.999906143462243,-0.0571294376265165,4.70738459971929,269.713270108796
0.999847368596691,-0.0671292638089694,4.70547274626752,269.603728974962
0.999767819972609,-0.077128946282323,4.70322698958202,269.475056595069
0.999664131492314,-0.087128408230076,4.7006483450839,269.327311148463
0.999533012929953,-0.0971275449734147,4.69771704002001,269.159359739836
0.999370703620465,-0.107126227826911,4.69442541125947,268.970763304133
0.999173761520056,-0.117124281941658,4.69075623496039,268.760534987907
0.998938083400524,-0.12712150462163,4.68669335018096,268.527748837397
0.998659906859041,-0.137117625497639,4.68221796790154,268.271328321079
0.998334756644701,-0.147112337796782,4.67730777301985,267.989994877771
0.997958429374653,-0.157105241263375,4.6719386321716,267.682365767556
0.997525974020866,-0.167095885358342,4.6660829822406,267.346861740203
0.997032645517868,-0.177083691067763,4.65970900945982,266.981660001133
0.996472868705842,-0.187068010074796,4.65278190685362,266.584766257544
0.99584121909827,-0.197048016901259,4.64526277268309,266.15395160398
0.995131364941152,-0.207022783309787,4.63710267232943,265.686412293312
0.994336930799478,-0.216991153268188,4.62825932724702,265.179725943312
0.993450778553998,-0.226951779827219,4.61866065812391,264.629762713615
0.992465135155845,-0.236903076848753,4.60825379049513,264.033493120535
0.991371873252705,-0.246843088615803,4.59696245262776,263.386547115678
0.990161778371543,-0.256769552141314,4.58468819287875,262.683283835413
0.988824854884489,-0.266679756677696,4.5713466357241,261.918868918319
0.987350354672247,-0.276570388821618,4.55682544964832,261.086866242652
0.98572623029405,-0.286437527488782,4.54098536021063,260.179295970763
0.983939192066311,-0.29627645597469,4.52367834193518,259.187676867624
0.981974569746136,-0.306081465668039,4.50473346465016,258.102215355799
0.979816111680292,-0.315845624539607,4.483950936062,256.911464180087
0.977445768226213,-0.325560485470729,4.46109646678297,255.601999547387
0.974843432364758,-0.335215738126682,4.43589716866244,254.158186118389
0.971986723634766,-0.344798740195958,4.4080367643905,252.561902538079
0.968850750530157,-0.354293944624551,4.37714852944078,250.792137038852
0.965407905952181,-0.363682186710712,4.34281205411888,248.824801919552
0.961627807116498,-0.372939740158519,4.30455123522101,246.632618475989
0.957477415181278,-0.382037131713081,4.26183043639868,244.184897006042
0.952921297011339,-0.390937912354874,4.21405912736692,241.447802616707
0.947922106713312,-0.399597651106145,4.16063389060013,238.386762030483
0.942442990069145,-0.407961342906876,4.10097217659551,234.968397619502
0.936448894804694,-0.415963875635318,4.03459626492439,231.165338019413
0.929911229680948,-0.423528415030477,3.96124770799095,226.962775273752
0.922812397854448,-0.430568193728512,3.88104169895878,222.367309464621
0.91515117505963,-0.436990761778816,3.79462329435294,217.415899608452
0.906948023609553,-0.442704400957052,3.70325583337514,212.180929709598
0.898247706178594,-0.4476275886147,3.60880218390178,206.769134235166
0.88911778292623,-0.451699050666568,3.51353466550918,201.310707506585
0.879642483525574,-0.45488546760029,3.41980967985305,195.940661393565
0.869913409289506,-0.457184298149567,3.32971351075316,190.778531153845
0.860019880331646,-0.458621059710033,3.24473302726169,185.909508108802
0.850041527275641,-0.459241190360312,3.16610525110446,181.404468382493
0.840044307160921,-0.459110810991086,3.09383454783686,177.263662102817
0.830079685287011,-0.458287125133627,3.02784106575345,173.482514104066
0.820186008397086,-0.456842104270993,2.96808761253186,170.058893423136
0.810390371947882,-0.454836231753311,2.91374019281995,166.945015646218
0.800711258297334,-0.452326314343239,2.86436286839207,164.115903352852
0.791160824602943,-0.449364321210496,2.81934670909917,161.53666741548
0.781746363239856,-0.445994242020113,2.77812187664628,159.174658504796
0.77247201907975,-0.442255649702766,2.74023451316024,157.003872480168
0.763339654457137,-0.438182525868432,2.70520717112112,154.996953613765
0.754349608255822,-0.433803857644277,2.67266005627095,153.132141297523
0.745501354944365,-0.429145218776213,2.64227265704752,151.391071571641
0.736793820775966,-0.424228582327316,2.61374006303097,149.756274355932
0.728225670931918,-0.419072872715828,2.58679990023003,148.212716728043
0.719795507866073,-0.413694404200163,2.5612298286309,146.747659543566
0.711502036658452,-0.408107400820534,2.53683642512798,145.350020474889
0.703344153836278,-0.40232418240472,2.51344421874181,144.009745775462
0.695321020776999,-0.396355409293589,2.49089667329642,142.717866583062
0.687432121031181,-0.390210301302631,2.46905320536801,141.466328060835
0.679677305601644,-0.38389681879931,2.44778604601871,140.247809587888
0.672056831197554,-0.377421813317628,2.42697760760978,139.055573888798
0.664571395184815,-0.370791153360734,2.40651821665394,137.88333713562
0.657222170098497,-0.364009829804598,2.38630411217027,136.72515426207
0.650010840037226,-0.357082044431514,2.36623563258562,135.575315080625
0.642939640936603,-0.350011284482873,2.34621552875372,134.428247625643
0.636011406563032,-0.342800385660331,2.32614734935672,133.278425643684
0.629229622047401,-0.335451585683822,2.30593384955389,132.120277415793
0.622598486872449,-0.327966570312572,2.28547537510567,130.948093174634
0.616122989434212,-0.320346513643927,2.26466817257216,129.75592828599
0.609808995624958,-0.312592114529137,2.24340257127227,128.537499082698
0.603663354354602,-0.304703631103056,2.2215609735874,127.286067717532
0.597694023580665,-0.296680915750092,2.19901557508266,125.99431153577
0.591910221321413,-0.288523453377608,2.17562571147159,124.654171067469
0.586322607394414,-0.280230406727726,2.15123482901593,123.25667644416
0.580943499748752,-0.271800673219172,2.12567025391572,121.791934185873
0.575787049657825,-0.263232949251556,2.09873719125744,120.248783366192
0.57086960910251,-0.254525844732373,2.07020941299761,118.614262073019
0.566210126406462,-0.245678028069267,2.03982484544313,116.873354589817
0.561830598802066,-0.236688427611124,2.00728370821869,115.0088847663
0.557756500403267,-0.22755650571983,1.97227023620697,113.002760593929
0.554016737941979,-0.218282590717774,1.93438751095733,110.832240320671
0.550645584651745,-0.208868571961665,1.89317638701924,108.471016850028
0.54768211901417,-0.199318535568834,1.84816963015564,105.892319632172
0.545170918257795,-0.189639823767459,1.79881280650059,103.064381946567
0.543163128719923,-0.179844499690269,1.74448387023141,99.9515631929071
0.54171642518729,-0.169951104069356,1.68469079277064,96.5256722103067
0.540891601388634,-0.159986671116414,1.61872721999764,92.7462378888094
0.540758911988118,-0.149989451600314,1.54654753959241,88.6106468349868
0.541376083831507,-0.140010930641114,1.46794163874944,84.1068604718606
0.542810123693527,-0.130117014844615,1.3829555462219,79.2375160527246
0.545106177914188,-0.120387292743561,1.29286915496497,74.0759460421382
0.548289801400655,-0.110911062860943,1.19915078272366,68.7062788498751
0.552358535268,-0.101779933195765,1.10388349385205,63.2478652718783
0.557279152750657,-0.0930781697037677,1.00942293847672,57.8356741184097
0.562990455815126,-0.0848733942683405,0.918042473700803,52.5999591568059
0.569410959281425,-0.0772104489076502,0.831606870873888,47.6475639151546
0.576448936646493,-0.0701098826582675,0.751381073306598,43.050964306478
0.584011895090254,-0.0635705546807213,0.678009286134723,38.8470705661974
0.592013282031007,-0.0575747611489038,0.611611713504194,35.0427698845548
0.600375954549236,-0.0520941029227078,0.551930055671168,31.6232627763785
0.609034857833479,-0.0470934888664063,0.498486158655811,28.5611530366667
0.617934949631026,-0.0425360663918387,0.450698927066659,25.8231463519941
0.627031825488686,-0.038384443554339,0.407963248231444,23.3745723201097
0.636288914872623,-0.0346032653023782,0.369687796459563,21.1815504746244
0.645676763490718,-0.0311594548580206,0.335340045944157,19.2135693343233
0.655171664381458,-0.0280225814863441,0.304443216884399,17.443311428862
0.664754430703059,-0.0251650349874497,0.276574318461963,15.8465411695777
0.674409482382903,-0.0225619457249742,0.251366449341971,14.402236658484
0.684124172163764,-0.0201909246755082,0.228504982951537,13.0923711208319
0.693888193020174,-0.0180318417047494,0.20771791433949,11.9013598209128
0.703693100015314,-0.0160666197102874,0.188768725337798,10.8156512659201
0.71353194014062,-0.0142790349695042,0.171456017786461,9.82370619128417
0.723398999429699,-0.0126544226490954,0.155609731647584,8.91578087456988
0.733289558096461,-0.0111794990731336,0.14108357769066,8.08349356028086
0.743199703354088,-0.00984218489196285,0.127741344918092,7.31903993313162
0.753126130057743,-0.00863167525623864,0.115464411152099,6.61562344297853
0.763066100969573,-0.00753807438681444,0.104166883956991,5.96832281576458
0.773017361088554,-0.00655214075929168,0.0937598230997952,5.37204215151147
0.782977968102447,-0.00566565126434102,0.0841587920167999,4.82194359148192
0.792946311695504,-0.00487097340538742,0.0753120851480069,4.31506462531068
0.80292106286766,-0.00416084910267398,0.0671514165297105,3.84749275547744
0.812901054610367,-0.00352896636902608,0.0596287528828257,3.41647587781445
0.822885360464607,-0.00296899001314141,0.052700874549649,3.0195376883433
0.832873157899966,-0.00247544353324389,0.0463245593677332,2.65420173957434
0.842863792270089,-0.00204283536967331,0.0404677850365228,2.31863328883543
0.852856691139748,-0.00166631246869277,0.0350971834665053,2.01092048542709
0.862851397118224,-0.00134103855094736,0.030185451264947,1.72949896017929
0.872847515172321,-0.00106269708261376,0.025709259387976,1.47303205733812
0.882844734301108,-0.000826911380760163,0.021644414830792,1.24013361983475
0.892842786405576,-0.000629843540766658,0.0179749074257156,1.02988633263187
0.902841467657591,-0.000467433233554158,0.014680925200052,0.841155053310234
0.912840602850942,-0.000336235999362902,0.0117496384723941,0.673204695272719
0.922840064366502,-0.000232446138533248,0.00916830949747809,0.525305439475203
0.932839745719448,-0.000152872530115371,0.00692281603215704,0.396648140988101
0.942839572006102,-9.39910145652804e-05,0.00501033581837404,0.287071096336058
0.952839486239023,-5.26662753224847e-05,0.00341209211658714,0.195498477590303
0.962839449391636,-2.57493257734625e-05,0.00213329744452242,0.122228940017178
0.972839437030891,-1.00003666840135e-05,0.00115940956635747,0.0664292748793759
0.982839434050825,-2.56114184250743e-06,0.000491115293910197,0.0281388335953813
0.992839433748266,-1.78061628262546e-07,0.0001987554631069,0.0113878491911935
0.995495371561699,-4.57050883585254e-08,4.98342013600615e-05,0.00285528941333663
